fra;semaine;cl_age90;Nb_tests_PCR_TA_crible;Prc_tests_PCR_TA_crible;Nb_susp_501Y_V1;Prc_susp_501Y_V1;Nb_susp_501Y_V2_3;Prc_susp_501Y_V2_3;Nb_susp_IND;Prc_susp_IND;Nb_susp_ABS;Prc_susp_ABS
FR;2021-02-12-2021-02-18;09;3582;56.4;1906;53.2;145;4;378;10.6;1153;32.2
FR;2021-02-12-2021-02-18;19;10535;53.3;5355;50.8;502;4.8;872;8.3;3806;36.1
FR;2021-02-12-2021-02-18;29;11775;49.5;5731;48.7;598;5.1;984;8.4;4462;37.9
FR;2021-02-12-2021-02-18;39;12384;50.7;6310;51;552;4.5;997;8.1;4525;36.5
FR;2021-02-12-2021-02-18;49;12480;52.2;6267;50.2;514;4.1;976;7.8;4723;37.8
FR;2021-02-12-2021-02-18;59;11228;52.8;5260;46.8;457;4.1;971;8.6;4540;40.4
FR;2021-02-12-2021-02-18;69;8059;53.3;3521;43.7;385;4.8;665;8.3;3488;43.3
FR;2021-02-12-2021-02-18;79;5199;52.3;1915;36.8;164;3.2;502;9.7;2618;50.4
FR;2021-02-12-2021-02-18;89;4359;53.6;1327;30.4;137;3.1;471;10.8;2424;55.6
FR;2021-02-12-2021-02-18;90;2427;53.9;691;28.5;75;3.1;250;10.3;1411;58.1
FR;2021-02-13-2021-02-19;09;3837;60.1;2016;52.5;153;4;418;10.9;1250;32.6
FR;2021-02-13-2021-02-19;19;11487;56.7;5788;50.4;570;5;936;8.1;4193;36.5
FR;2021-02-13-2021-02-19;29;13029;53;6332;48.6;677;5.2;1145;8.8;4875;37.4
FR;2021-02-13-2021-02-19;39;13424;53.5;6744;50.2;607;4.5;1127;8.4;4946;36.8
FR;2021-02-13-2021-02-19;49;13636;55.2;6827;50.1;588;4.3;1105;8.1;5116;37.5
FR;2021-02-13-2021-02-19;59;12371;56.2;5838;47.2;553;4.5;1067;8.6;4913;39.7
FR;2021-02-13-2021-02-19;69;8847;56.8;3859;43.6;454;5.1;782;8.8;3752;42.4
FR;2021-02-13-2021-02-19;79;5648;55.7;2137;37.8;190;3.4;539;9.5;2782;49.3
FR;2021-02-13-2021-02-19;89;4681;57;1430;30.5;150;3.2;516;11;2585;55.2
FR;2021-02-13-2021-02-19;90;2518;56.2;707;28.1;86;3.4;265;10.5;1460;58
FR;2021-02-14-2021-02-20;09;3931;61.4;2092;53.2;163;4.1;415;10.6;1261;32.1
FR;2021-02-14-2021-02-20;19;11893;58;5997;50.4;636;5.3;970;8.2;4290;36.1
FR;2021-02-14-2021-02-20;29;13460;54;6596;49;711;5.3;1167;8.7;4986;37
FR;2021-02-14-2021-02-20;39;13901;54.5;6995;50.3;639;4.6;1161;8.4;5106;36.7
FR;2021-02-14-2021-02-20;49;14104;56;7108;50.4;613;4.3;1124;8;5259;37.3
FR;2021-02-14-2021-02-20;59;12858;57.2;6116;47.6;593;4.6;1096;8.5;5053;39.3
FR;2021-02-14-2021-02-20;69;9109;57.7;4023;44.2;479;5.3;794;8.7;3813;41.9
FR;2021-02-14-2021-02-20;79;5872;57;2232;38;198;3.4;564;9.6;2878;49
FR;2021-02-14-2021-02-20;89;4780;58;1493;31.2;162;3.4;516;10.8;2609;54.6
FR;2021-02-14-2021-02-20;90;2568;57.5;741;28.9;84;3.3;267;10.4;1476;57.5
FR;2021-02-15-2021-02-21;09;3963;61.5;2117;53.4;166;4.2;419;10.6;1261;31.8
FR;2021-02-15-2021-02-21;19;11959;58.1;6042;50.5;644;5.4;978;8.2;4295;35.9
FR;2021-02-15-2021-02-21;29;13587;54.2;6661;49;718;5.3;1195;8.8;5013;36.9
FR;2021-02-15-2021-02-21;39;13954;54.6;7043;50.5;636;4.6;1172;8.4;5103;36.6
FR;2021-02-15-2021-02-21;49;14230;56.3;7205;50.6;624;4.4;1133;8;5268;37
FR;2021-02-15-2021-02-21;59;12950;57.5;6180;47.7;593;4.6;1102;8.5;5075;39.2
FR;2021-02-15-2021-02-21;69;9180;57.9;4073;44.4;466;5.1;808;8.8;3833;41.8
FR;2021-02-15-2021-02-21;79;5948;57.3;2275;38.2;201;3.4;582;9.8;2890;48.6
FR;2021-02-15-2021-02-21;89;4850;58.7;1532;31.6;164;3.4;525;10.8;2629;54.2
FR;2021-02-15-2021-02-21;90;2598;58.5;757;29.1;90;3.5;283;10.9;1468;56.5
FR;2021-02-16-2021-02-22;09;4032;61.5;2200;54.6;162;4;421;10.4;1249;31
FR;2021-02-16-2021-02-22;19;12506;59.1;6512;52.1;657;5.3;1031;8.2;4306;34.4
FR;2021-02-16-2021-02-22;29;14456;55.3;7398;51.2;736;5.1;1268;8.8;5054;35
FR;2021-02-16-2021-02-22;39;14616;55.4;7632;52.2;664;4.5;1241;8.5;5079;34.7
FR;2021-02-16-2021-02-22;49;14944;57.4;7938;53.1;644;4.3;1232;8.2;5130;34.3
FR;2021-02-16-2021-02-22;59;13770;58.3;6830;49.6;646;4.7;1160;8.4;5134;37.3
FR;2021-02-16-2021-02-22;69;9662;59.1;4498;46.6;515;5.3;855;8.8;3794;39.3
FR;2021-02-16-2021-02-22;79;6149;57.7;2513;40.9;226;3.7;627;10.2;2783;45.3
FR;2021-02-16-2021-02-22;89;4872;59.2;1700;34.9;150;3.1;531;10.9;2491;51.1
FR;2021-02-16-2021-02-22;90;2555;59.5;805;31.5;86;3.4;290;11.4;1374;53.8
FR;2021-02-17-2021-02-23;09;4123;62.1;2302;55.8;186;4.5;416;10.1;1219;29.6
FR;2021-02-17-2021-02-23;19;12906;60;6912;53.6;703;5.4;1051;8.1;4240;32.9
FR;2021-02-17-2021-02-23;29;15028;56;7883;52.5;790;5.3;1352;9;5003;33.3
FR;2021-02-17-2021-02-23;39;15138;56.2;8137;53.8;735;4.9;1298;8.6;4968;32.8
FR;2021-02-17-2021-02-23;49;15466;58.1;8419;54.4;702;4.5;1263;8.2;5082;32.9
FR;2021-02-17-2021-02-23;59;14298;59;7381;51.6;686;4.8;1215;8.5;5016;35.1
FR;2021-02-17-2021-02-23;69;10016;59.6;4894;48.9;547;5.5;891;8.9;3684;36.8
FR;2021-02-17-2021-02-23;79;6462;58.7;2791;43.2;247;3.8;675;10.4;2749;42.5
FR;2021-02-17-2021-02-23;89;4864;59.7;1833;37.7;151;3.1;550;11.3;2330;47.9
FR;2021-02-17-2021-02-23;90;2514;60.2;814;32.4;96;3.8;277;11;1327;52.8
FR;2021-02-18-2021-02-24;09;4265;63.4;2439;57.2;190;4.5;416;9.8;1220;28.6
FR;2021-02-18-2021-02-24;19;13226;60.6;7282;55.1;741;5.6;1005;7.6;4198;31.7
FR;2021-02-18-2021-02-24;29;15382;56.4;8368;54.4;827;5.4;1351;8.8;4836;31.4
FR;2021-02-18-2021-02-24;39;15382;56.5;8472;55.1;756;4.9;1330;8.6;4824;31.4
FR;2021-02-18-2021-02-24;49;15823;58.8;8833;55.8;755;4.8;1274;8.1;4961;31.4
FR;2021-02-18-2021-02-24;59;14644;59.5;7822;53.4;732;5;1186;8.1;4904;33.5
FR;2021-02-18-2021-02-24;69;10340;60.4;5283;51.1;542;5.2;921;8.9;3594;34.8
FR;2021-02-18-2021-02-24;79;6636;59.2;3066;46.2;246;3.7;670;10.1;2654;40
FR;2021-02-18-2021-02-24;89;4847;60.2;1926;39.7;154;3.2;544;11.2;2223;45.9
FR;2021-02-18-2021-02-24;90;2405;59.1;830;34.5;84;3.5;256;10.6;1235;51.4
FR;2021-02-19-2021-02-25;09;4363;64;2557;58.6;191;4.4;418;9.6;1197;27.4
FR;2021-02-19-2021-02-25;19;13537;61.5;7670;56.7;744;5.5;1033;7.6;4090;30.2
FR;2021-02-19-2021-02-25;29;15620;56.8;8715;55.8;854;5.5;1405;9;4646;29.7
FR;2021-02-19-2021-02-25;39;15625;56.8;8869;56.8;753;4.8;1336;8.6;4667;29.9
FR;2021-02-19-2021-02-25;49;15887;59.2;9059;57;781;4.9;1311;8.3;4736;29.8
FR;2021-02-19-2021-02-25;59;14955;59.9;8232;55;767;5.1;1193;8;4763;31.8
FR;2021-02-19-2021-02-25;69;10589;60.9;5550;52.4;597;5.6;925;8.7;3517;33.2
FR;2021-02-19-2021-02-25;79;6708;59.1;3217;48;239;3.6;697;10.4;2555;38.1
FR;2021-02-19-2021-02-25;89;4732;60.4;1975;41.7;160;3.4;510;10.8;2087;44.1
FR;2021-02-19-2021-02-25;90;2324;59.3;842;36.2;84;3.6;257;11.1;1141;49.1
FR;2021-02-20-2021-02-26;09;4506;64.9;2697;59.9;236;5.2;410;9.1;1163;25.8
FR;2021-02-20-2021-02-26;19;13733;62.1;7960;58;828;6;1066;7.8;3879;28.2
FR;2021-02-20-2021-02-26;29;15649;57;8985;57.4;898;5.7;1359;8.7;4407;28.2
FR;2021-02-20-2021-02-26;39;15692;57.3;9144;58.3;804;5.1;1331;8.5;4413;28.1
FR;2021-02-20-2021-02-26;49;15961;59.4;9342;58.5;824;5.2;1274;8;4521;28.3
FR;2021-02-20-2021-02-26;59;15037;59.9;8522;56.7;791;5.3;1148;7.6;4576;30.4
FR;2021-02-20-2021-02-26;69;10625;61;5783;54.4;576;5.4;865;8.1;3401;32
FR;2021-02-20-2021-02-26;79;6764;59.3;3342;49.4;279;4.1;705;10.4;2438;36
FR;2021-02-20-2021-02-26;89;4674;59.8;2058;44;168;3.6;500;10.7;1948;41.7
FR;2021-02-20-2021-02-26;90;2245;58.7;851;37.9;87;3.9;237;10.6;1070;47.7
FR;2021-02-21-2021-02-27;09;4532;64.8;2759;60.9;232;5.1;415;9.2;1126;24.8
FR;2021-02-21-2021-02-27;19;13760;61.9;8093;58.8;815;5.9;1069;7.8;3783;27.5
FR;2021-02-21-2021-02-27;29;15791;57.2;9193;58.2;930;5.9;1379;8.7;4289;27.2
FR;2021-02-21-2021-02-27;39;15658;57.3;9222;58.9;833;5.3;1327;8.5;4276;27.3
FR;2021-02-21-2021-02-27;49;16080;59.7;9488;59;869;5.4;1270;7.9;4453;27.7
FR;2021-02-21-2021-02-27;59;15052;60.1;8626;57.3;815;5.4;1154;7.7;4457;29.6
FR;2021-02-21-2021-02-27;69;10756;61.5;5880;54.7;619;5.8;877;8.2;3380;31.4
FR;2021-02-21-2021-02-27;79;6784;59.4;3431;50.6;294;4.3;690;10.2;2369;34.9
FR;2021-02-21-2021-02-27;89;4652;59.9;2088;44.9;163;3.5;498;10.7;1903;40.9
FR;2021-02-21-2021-02-27;90;2229;58.9;850;38.1;93;4.2;241;10.8;1045;46.9
FR;2021-02-22-2021-02-28;09;4517;64.6;2745;60.8;230;5.1;416;9.2;1126;24.9
FR;2021-02-22-2021-02-28;19;13803;61.9;8121;58.8;815;5.9;1076;7.8;3791;27.5
FR;2021-02-22-2021-02-28;29;15819;57.2;9228;58.3;928;5.9;1387;8.8;4276;27
FR;2021-02-22-2021-02-28;39;15714;57.4;9268;59;841;5.4;1333;8.5;4272;27.2
FR;2021-02-22-2021-02-28;49;16078;59.8;9487;59;878;5.5;1277;7.9;4436;27.6
FR;2021-02-22-2021-02-28;59;15054;60.1;8652;57.5;822;5.5;1138;7.6;4442;29.5
FR;2021-02-22-2021-02-28;69;10756;61.4;5903;54.9;618;5.7;867;8.1;3368;31.3
FR;2021-02-22-2021-02-28;79;6757;59.2;3442;50.9;295;4.4;666;9.9;2354;34.8
FR;2021-02-22-2021-02-28;89;4633;59.9;2100;45.3;168;3.6;489;10.6;1876;40.5
FR;2021-02-22-2021-02-28;90;2217;58.9;858;38.7;92;4.1;233;10.5;1034;46.6
FR;2021-02-23-2021-03-01;09;4551;65.2;2850;62.6;226;5;412;9.1;1063;23.4
FR;2021-02-23-2021-03-01;19;13951;62;8496;60.9;844;6;1059;7.6;3552;25.5
FR;2021-02-23-2021-03-01;29;15878;57.8;9604;60.5;929;5.9;1378;8.7;3967;25
FR;2021-02-23-2021-03-01;39;15802;58.3;9683;61.3;889;5.6;1320;8.4;3910;24.7
FR;2021-02-23-2021-03-01;49;16061;60.4;9800;61;896;5.6;1197;7.5;4168;26
FR;2021-02-23-2021-03-01;59;14936;60.6;8959;60;857;5.7;1136;7.6;3984;26.7
FR;2021-02-23-2021-03-01;69;10846;61.6;6161;56.8;647;6;853;7.9;3185;29.4
FR;2021-02-23-2021-03-01;79;6768;59.8;3628;53.6;295;4.4;633;9.4;2212;32.7
FR;2021-02-23-2021-03-01;89;4461;59.6;2102;47.1;162;3.6;473;10.6;1724;38.6
FR;2021-02-23-2021-03-01;90;2028;58.7;833;41.1;81;4;218;10.7;896;44.2
FR;2021-02-24-2021-03-02;09;4598;65.6;2956;64.3;217;4.7;432;9.4;993;21.6
FR;2021-02-24-2021-03-02;19;13975;61.8;8740;62.5;803;5.7;1071;7.7;3361;24.1
FR;2021-02-24-2021-03-02;29;16021;58.1;9959;62.2;899;5.6;1389;8.7;3774;23.6
FR;2021-02-24-2021-03-02;39;15687;58.3;9855;62.8;888;5.7;1308;8.3;3636;23.2
FR;2021-02-24-2021-03-02;49;15889;60.5;9933;62.5;860;5.4;1213;7.6;3883;24.4
FR;2021-02-24-2021-03-02;59;14809;60.6;9055;61.1;831;5.6;1119;7.6;3804;25.7
FR;2021-02-24-2021-03-02;69;10840;61.3;6317;58.3;632;5.8;859;7.9;3032;28
FR;2021-02-24-2021-03-02;79;6643;59.2;3725;56.1;283;4.3;606;9.1;2029;30.5
FR;2021-02-24-2021-03-02;89;4360;58.7;2106;48.3;168;3.9;460;10.6;1626;37.3
FR;2021-02-24-2021-03-02;90;1910;57.8;841;44;73;3.8;217;11.4;779;40.8
FR;2021-02-25-2021-03-03;09;4586;64.7;3005;65.5;207;4.5;436;9.5;938;20.5
FR;2021-02-25-2021-03-03;19;14065;61.6;9041;64.3;769;5.5;1095;7.8;3160;22.5
FR;2021-02-25-2021-03-03;29;16073;58.2;10234;63.7;859;5.3;1408;8.8;3572;22.2
FR;2021-02-25-2021-03-03;39;15730;58.4;10082;64.1;891;5.7;1325;8.4;3432;21.8
FR;2021-02-25-2021-03-03;49;15759;60.3;10124;64.2;817;5.2;1207;7.7;3611;22.9
FR;2021-02-25-2021-03-03;59;14639;60.1;9137;62.4;807;5.5;1102;7.5;3593;24.5
FR;2021-02-25-2021-03-03;69;10710;60.9;6355;59.3;632;5.9;851;7.9;2872;26.8
FR;2021-02-25-2021-03-03;79;6543;58.5;3733;57.1;298;4.6;603;9.2;1909;29.2
FR;2021-02-25-2021-03-03;89;4189;57.3;2093;50;158;3.8;448;10.7;1490;35.6
FR;2021-02-25-2021-03-03;90;1812;57.3;831;45.9;77;4.2;217;12;687;37.9
FR;2021-02-26-2021-03-04;09;4673;64.9;3118;66.7;214;4.6;461;9.9;880;18.8
FR;2021-02-26-2021-03-04;19;14094;61.5;9268;65.8;760;5.4;1097;7.8;2969;21.1
FR;2021-02-26-2021-03-04;29;16223;58.3;10597;65.3;837;5.2;1413;8.7;3376;20.8
FR;2021-02-26-2021-03-04;39;15623;58.4;10157;65;901;5.8;1326;8.5;3239;20.7
FR;2021-02-26-2021-03-04;49;15769;60.5;10350;65.6;805;5.1;1207;7.7;3407;21.6
FR;2021-02-26-2021-03-04;59;14435;60.1;9175;63.6;770;5.3;1140;7.9;3350;23.2
FR;2021-02-26-2021-03-04;69;10619;61;6414;60.4;602;5.7;848;8;2755;25.9
FR;2021-02-26-2021-03-04;79;6453;58.7;3810;59;291;4.5;566;8.8;1786;27.7
FR;2021-02-26-2021-03-04;89;4105;56.9;2115;51.5;160;3.9;455;11.1;1375;33.5
FR;2021-02-26-2021-03-04;90;1717;56.9;829;48.3;73;4.3;208;12.1;607;35.4
FR;2021-02-27-2021-03-05;09;4756;64.5;3187;67;200;4.2;517;10.9;852;17.9
FR;2021-02-27-2021-03-05;19;14246;61.5;9560;67.1;703;4.9;1160;8.1;2823;19.8
FR;2021-02-27-2021-03-05;29;16327;58.2;10884;66.7;785;4.8;1462;9;3196;19.6
FR;2021-02-27-2021-03-05;39;15659;58.6;10403;66.4;883;5.6;1330;8.5;3043;19.4
FR;2021-02-27-2021-03-05;49;15591;60.1;10423;66.9;771;4.9;1209;7.8;3188;20.4
FR;2021-02-27-2021-03-05;59;14360;60;9304;64.8;726;5.1;1183;8.2;3147;21.9
FR;2021-02-27-2021-03-05;69;10591;61.1;6539;61.7;601;5.7;870;8.2;2581;24.4
FR;2021-02-27-2021-03-05;79;6439;58.4;3910;60.7;265;4.1;574;8.9;1690;26.2
FR;2021-02-27-2021-03-05;89;4029;57.3;2144;53.2;151;3.7;437;10.8;1297;32.2
FR;2021-02-27-2021-03-05;90;1690;58.6;839;49.6;70;4.1;211;12.5;570;33.7
FR;2021-02-28-2021-03-06;09;4788;64;3201;66.9;214;4.5;524;10.9;849;17.7
FR;2021-02-28-2021-03-06;19;14386;61.5;9755;67.8;692;4.8;1178;8.2;2761;19.2
FR;2021-02-28-2021-03-06;29;16388;58;11011;67.2;770;4.7;1486;9.1;3121;19
FR;2021-02-28-2021-03-06;39;15820;58.7;10652;67.3;865;5.5;1333;8.4;2970;18.8
FR;2021-02-28-2021-03-06;49;15588;59.8;10581;67.9;745;4.8;1220;7.8;3042;19.5
FR;2021-02-28-2021-03-06;59;14390;59.7;9465;65.8;718;5;1184;8.2;3023;21
FR;2021-02-28-2021-03-06;69;10556;60.7;6628;62.8;565;5.4;875;8.3;2488;23.6
FR;2021-02-28-2021-03-06;79;6472;58.6;3967;61.3;260;4;608;9.4;1637;25.3
FR;2021-02-28-2021-03-06;89;4017;57.3;2162;53.8;165;4.1;440;11;1250;31.1
FR;2021-02-28-2021-03-06;90;1682;58.7;848;50.4;69;4.1;208;12.4;557;33.1
FR;2021-03-01-2021-03-07;09;4818;64;3239;67.2;213;4.4;518;10.8;848;17.6
FR;2021-03-01-2021-03-07;19;14399;61.4;9799;68.1;693;4.8;1157;8;2750;19.1
FR;2021-03-01-2021-03-07;29;16360;58;11026;67.4;773;4.7;1468;9;3093;18.9
FR;2021-03-01-2021-03-07;39;15795;58.5;10664;67.5;861;5.5;1324;8.4;2946;18.7
FR;2021-03-01-2021-03-07;49;15585;59.7;10613;68.1;734;4.7;1212;7.8;3026;19.4
FR;2021-03-01-2021-03-07;59;14388;59.7;9462;65.8;713;5;1198;8.3;3015;21
FR;2021-03-01-2021-03-07;69;10521;60.7;6624;63;563;5.4;879;8.4;2455;23.3
FR;2021-03-01-2021-03-07;79;6463;58.9;3979;61.6;253;3.9;612;9.5;1619;25.1
FR;2021-03-01-2021-03-07;89;4005;57.4;2168;54.1;166;4.1;437;10.9;1234;30.8
FR;2021-03-01-2021-03-07;90;1665;58.8;848;50.9;66;4;205;12.3;546;32.8
FR;2021-03-02-2021-03-08;09;5027;64.5;3423;68.1;240;4.8;549;10.9;815;16.2
FR;2021-03-02-2021-03-08;19;14733;61.4;10226;69.4;664;4.5;1275;8.7;2568;17.4
FR;2021-03-02-2021-03-08;29;16715;58.1;11438;68.4;803;4.8;1567;9.4;2907;17.4
FR;2021-03-02-2021-03-08;39;15993;58.6;11051;69.1;801;5;1366;8.5;2775;17.4
FR;2021-03-02-2021-03-08;49;15909;59.9;11081;69.7;722;4.5;1323;8.3;2783;17.5
FR;2021-03-02-2021-03-08;59;14546;59.9;9779;67.2;670;4.6;1285;8.8;2812;19.3
FR;2021-03-02-2021-03-08;69;10450;60.9;6773;64.8;529;5.1;911;8.7;2237;21.4
FR;2021-03-02-2021-03-08;79;6489;59.4;4121;63.5;267;4.1;601;9.3;1500;23.1
FR;2021-03-02-2021-03-08;89;3948;58.6;2160;54.7;178;4.5;437;11.1;1173;29.7
FR;2021-03-02-2021-03-08;90;1625;59.3;848;52.2;69;4.2;200;12.3;508;31.3
FR;2021-03-03-2021-03-09;09;5263;64.8;3601;68.4;258;4.9;570;10.8;834;15.8
FR;2021-03-03-2021-03-09;19;15250;61.4;10685;70.1;674;4.4;1348;8.8;2543;16.7
FR;2021-03-03-2021-03-09;29;16920;58.2;11740;69.4;833;4.9;1601;9.5;2746;16.2
FR;2021-03-03-2021-03-09;39;16162;58.7;11275;69.8;777;4.8;1419;8.8;2691;16.7
FR;2021-03-03-2021-03-09;49;16219;60;11446;70.6;733;4.5;1369;8.4;2671;16.5
FR;2021-03-03-2021-03-09;59;14693;60;10056;68.4;709;4.8;1295;8.8;2633;17.9
FR;2021-03-03-2021-03-09;69;10648;61.6;6992;65.7;532;5;943;8.9;2181;20.5
FR;2021-03-03-2021-03-09;79;6466;60.1;4151;64.2;291;4.5;593;9.2;1431;22.1
FR;2021-03-03-2021-03-09;89;3972;60.2;2240;56.4;177;4.5;435;11;1120;28.2
FR;2021-03-03-2021-03-09;90;1553;60.2;823;53;65;4.2;203;13.1;462;29.7
FR;2021-03-04-2021-03-10;09;5562;65.5;3826;68.8;283;5.1;603;10.8;850;15.3
FR;2021-03-04-2021-03-10;19;15700;61.4;11146;71;719;4.6;1389;8.8;2446;15.6
FR;2021-03-04-2021-03-10;29;17392;58.1;12218;70.3;877;5;1661;9.6;2636;15.2
FR;2021-03-04-2021-03-10;39;16532;58.6;11687;70.7;833;5;1440;8.7;2572;15.6
FR;2021-03-04-2021-03-10;49;16733;60.2;11913;71.2;793;4.7;1409;8.4;2618;15.6
FR;2021-03-04-2021-03-10;59;15049;60.4;10442;69.4;754;5;1372;9.1;2481;16.5
FR;2021-03-04-2021-03-10;69;10810;61.9;7220;66.8;545;5;959;8.9;2086;19.3
FR;2021-03-04-2021-03-10;79;6526;60.7;4260;65.3;289;4.4;615;9.4;1362;20.9
FR;2021-03-04-2021-03-10;89;4083;61.8;2378;58.2;190;4.7;440;10.8;1075;26.3
FR;2021-03-04-2021-03-10;90;1571;61.9;873;55.6;64;4.1;200;12.7;434;27.6
FR;2021-03-05-2021-03-11;09;5883;65;4081;69.4;301;5.1;677;11.5;824;14
FR;2021-03-05-2021-03-11;19;16324;60.2;11807;72.3;760;4.7;1428;8.7;2329;14.3
FR;2021-03-05-2021-03-11;29;18055;56.8;12891;71.4;931;5.2;1725;9.6;2508;13.9
FR;2021-03-05-2021-03-11;39;17170;57.7;12302;71.6;847;4.9;1517;8.8;2504;14.6
FR;2021-03-05-2021-03-11;49;17264;59.3;12457;72.2;837;4.8;1450;8.4;2520;14.6
FR;2021-03-05-2021-03-11;59;15553;60;10942;70.4;779;5;1428;9.2;2404;15.5
FR;2021-03-05-2021-03-11;69;11039;61;7498;67.9;584;5.3;975;8.8;1982;18
FR;2021-03-05-2021-03-11;79;6677;60.4;4393;65.8;328;4.9;659;9.9;1297;19.4
FR;2021-03-05-2021-03-11;89;4134;62.5;2454;59.4;191;4.6;467;11.3;1022;24.7
FR;2021-03-05-2021-03-11;90;1570;62.2;909;57.9;66;4.2;194;12.4;401;25.5
FR;2021-03-06-2021-03-12;09;6272;64.7;4444;70.9;329;5.2;703;11.2;796;12.7
FR;2021-03-06-2021-03-12;19;17053;58.9;12530;73.5;780;4.6;1451;8.5;2292;13.4
FR;2021-03-06-2021-03-12;29;18768;55.8;13565;72.3;992;5.3;1777;9.5;2434;13
FR;2021-03-06-2021-03-12;39;17802;56.5;12873;72.3;876;4.9;1621;9.1;2432;13.7
FR;2021-03-06-2021-03-12;49;17968;58.5;13146;73.2;867;4.8;1511;8.4;2444;13.6
FR;2021-03-06-2021-03-12;59;15923;59;11365;71.4;803;5;1462;9.2;2293;14.4
FR;2021-03-06-2021-03-12;69;11308;60.1;7851;69.4;572;5.1;985;8.7;1900;16.8
FR;2021-03-06-2021-03-12;79;6742;60.4;4510;66.9;331;4.9;659;9.8;1242;18.4
FR;2021-03-06-2021-03-12;89;4210;62.7;2530;60.1;205;4.9;482;11.4;993;23.6
FR;2021-03-06-2021-03-12;90;1586;62.3;934;58.9;76;4.8;198;12.5;378;23.8
FR;2021-03-07-2021-03-13;09;6536;64.4;4681;71.6;327;5;754;11.5;774;11.8
FR;2021-03-07-2021-03-13;19;17426;57.8;12847;73.7;804;4.6;1490;8.6;2285;13.1
FR;2021-03-07-2021-03-13;29;19061;54.6;13849;72.7;1015;5.3;1796;9.4;2401;12.6
FR;2021-03-07-2021-03-13;39;18179;55.3;13192;72.6;912;5;1659;9.1;2416;13.3
FR;2021-03-07-2021-03-13;49;18311;57.6;13455;73.5;881;4.8;1561;8.5;2414;13.2
FR;2021-03-07-2021-03-13;59;16246;57.8;11641;71.7;833;5.1;1484;9.1;2288;14.1
FR;2021-03-07-2021-03-13;69;11466;59.3;8022;70;580;5.1;1003;8.7;1861;16.2
FR;2021-03-07-2021-03-13;79;6821;59.7;4612;67.6;332;4.9;648;9.5;1229;18
FR;2021-03-07-2021-03-13;89;4255;62.8;2592;60.9;201;4.7;484;11.4;978;23
FR;2021-03-07-2021-03-13;90;1595;61.8;955;59.9;74;4.6;201;12.6;365;22.9
FR;2021-03-08-2021-03-14;09;6582;64.2;4713;71.6;328;5;770;11.7;771;11.7
FR;2021-03-08-2021-03-14;19;17526;57.7;12921;73.7;803;4.6;1521;8.7;2281;13
FR;2021-03-08-2021-03-14;29;19200;54.4;13968;72.8;1015;5.3;1819;9.5;2398;12.5
FR;2021-03-08-2021-03-14;39;18371;55.2;13350;72.7;906;4.9;1685;9.2;2430;13.2
FR;2021-03-08-2021-03-14;49;18476;57.4;13605;73.6;884;4.8;1581;8.6;2406;13
FR;2021-03-08-2021-03-14;59;16364;57.7;11741;71.7;857;5.2;1492;9.1;2274;13.9
FR;2021-03-08-2021-03-14;69;11530;59.3;8087;70.1;575;5;1009;8.8;1859;16.1
FR;2021-03-08-2021-03-14;79;6897;59.6;4669;67.7;343;5;654;9.5;1231;17.8
FR;2021-03-08-2021-03-14;89;4250;62.5;2604;61.3;201;4.7;489;11.5;956;22.5
FR;2021-03-08-2021-03-14;90;1596;61.6;957;60;75;4.7;203;12.7;361;22.6
FR;2021-03-09-2021-03-15;09;7090;63.5;5107;72;329;4.6;861;12.1;793;11.2
FR;2021-03-09-2021-03-15;19;18390;56.8;13745;74.7;871;4.7;1561;8.5;2213;12
FR;2021-03-09-2021-03-15;29;19943;52.7;14704;73.7;1059;5.3;1844;9.2;2336;11.7
FR;2021-03-09-2021-03-15;39;19350;53.5;14337;74.1;962;5;1703;8.8;2348;12.1
FR;2021-03-09-2021-03-15;49;19250;55.9;14409;74.9;913;4.7;1604;8.3;2324;12.1
FR;2021-03-09-2021-03-15;59;17086;56.2;12508;73.2;893;5.2;1498;8.8;2187;12.8
FR;2021-03-09-2021-03-15;69;12078;58.2;8682;71.9;606;5;1020;8.4;1770;14.7
FR;2021-03-09-2021-03-15;79;7119;58.8;4917;69.1;340;4.8;708;9.9;1154;16.2
FR;2021-03-09-2021-03-15;89;4421;62.2;2781;62.9;209;4.7;503;11.4;928;21
FR;2021-03-09-2021-03-15;90;1682;61.9;1017;60.5;76;4.5;218;13;371;22.1
FR;2021-03-10-2021-03-16;09;7500;62.3;5469;72.9;326;4.3;920;12.3;785;10.5
FR;2021-03-10-2021-03-16;19;19145;55.8;14423;75.3;912;4.8;1640;8.6;2170;11.3
FR;2021-03-10-2021-03-16;29;20670;51.6;15416;74.6;1098;5.3;1860;9;2296;11.1
FR;2021-03-10-2021-03-16;39;20083;52.5;15062;75;997;5;1711;8.5;2313;11.5
FR;2021-03-10-2021-03-16;49;19933;55;15046;75.5;955;4.8;1673;8.4;2259;11.3
FR;2021-03-10-2021-03-16;59;17638;55.5;13067;74.1;905;5.1;1528;8.7;2138;12.1
FR;2021-03-10-2021-03-16;69;12354;57.2;8965;72.6;660;5.3;1044;8.5;1685;13.6
FR;2021-03-10-2021-03-16;79;7197;58;5057;70.3;344;4.8;721;10;1075;14.9
FR;2021-03-10-2021-03-16;89;4395;61.3;2832;64.4;208;4.7;497;11.3;858;19.5
FR;2021-03-10-2021-03-16;90;1702;61.4;1045;61.4;78;4.6;222;13;357;21
FR;2021-03-11-2021-03-17;09;7783;61.9;5752;73.9;331;4.3;955;12.3;745;9.6
FR;2021-03-11-2021-03-17;19;19883;55.8;15039;75.6;915;4.6;1767;8.9;2162;10.9
FR;2021-03-11-2021-03-17;29;21283;51.8;16028;75.3;1119;5.3;1951;9.2;2185;10.3
FR;2021-03-11-2021-03-17;39;20763;52.7;15727;75.7;980;4.7;1786;8.6;2270;10.9
FR;2021-03-11-2021-03-17;49;20576;55.1;15670;76.2;966;4.7;1743;8.5;2197;10.7
FR;2021-03-11-2021-03-17;59;18131;55.6;13548;74.7;920;5.1;1543;8.5;2120;11.7
FR;2021-03-11-2021-03-17;69;12710;57.7;9309;73.2;677;5.3;1080;8.5;1644;12.9
FR;2021-03-11-2021-03-17;79;7296;58.4;5174;70.9;360;4.9;712;9.8;1050;14.4
FR;2021-03-11-2021-03-17;89;4425;61.3;2905;65.6;203;4.6;505;11.4;812;18.4
FR;2021-03-11-2021-03-17;90;1727;61.5;1083;62.7;73;4.2;232;13.4;339;19.6
FR;2021-03-12-2021-03-18;09;8187;61.6;6105;74.6;331;4;986;12;765;9.3
FR;2021-03-12-2021-03-18;19;20445;56.1;15583;76.2;914;4.5;1831;9;2117;10.4
FR;2021-03-12-2021-03-18;29;21488;52.3;16263;75.7;1101;5.1;1981;9.2;2143;10
FR;2021-03-12-2021-03-18;39;21218;53.1;16186;76.3;995;4.7;1854;8.7;2183;10.3
FR;2021-03-12-2021-03-18;49;20883;55.4;16025;76.7;947;4.5;1806;8.6;2105;10.1
FR;2021-03-12-2021-03-18;59;18471;56;13922;75.4;951;5.1;1555;8.4;2043;11.1
FR;2021-03-12-2021-03-18;69;13170;58.7;9743;74;698;5.3;1128;8.6;1601;12.2
FR;2021-03-12-2021-03-18;79;7368;58.7;5280;71.7;343;4.7;708;9.6;1037;14.1
FR;2021-03-12-2021-03-18;89;4458;61.4;3004;67.4;197;4.4;470;10.5;787;17.7
FR;2021-03-12-2021-03-18;90;1767;61.7;1140;64.5;71;4;235;13.3;321;18.2
FR;2021-03-13-2021-03-19;09;8601;61.6;6404;74.5;323;3.8;1097;12.8;777;9
FR;2021-03-13-2021-03-19;19;21056;56.6;16122;76.6;917;4.4;1925;9.1;2092;9.9
FR;2021-03-13-2021-03-19;29;21715;52.9;16490;75.9;1113;5.1;2049;9.4;2063;9.5
FR;2021-03-13-2021-03-19;39;21752;53.8;16727;76.9;984;4.5;1894;8.7;2147;9.9
FR;2021-03-13-2021-03-19;49;21298;55.8;16416;77.1;952;4.5;1900;8.9;2030;9.5
FR;2021-03-13-2021-03-19;59;18835;56.6;14317;76;950;5;1590;8.4;1978;10.5
FR;2021-03-13-2021-03-19;69;13402;59.2;10011;74.7;734;5.5;1164;8.7;1493;11.1
FR;2021-03-13-2021-03-19;79;7479;59.1;5405;72.3;335;4.5;727;9.7;1012;13.5
FR;2021-03-13-2021-03-19;89;4475;61.4;3073;68.7;195;4.4;477;10.7;730;16.3
FR;2021-03-13-2021-03-19;90;1792;61.4;1188;66.3;62;3.5;234;13.1;308;17.2
FR;2021-03-14-2021-03-20;09;8734;61.4;6529;74.8;333;3.8;1082;12.4;790;9
FR;2021-03-14-2021-03-20;19;21381;56.8;16415;76.8;927;4.3;1942;9.1;2097;9.8
FR;2021-03-14-2021-03-20;29;21726;53.3;16571;76.3;1098;5.1;2042;9.4;2015;9.3
FR;2021-03-14-2021-03-20;39;21927;54.2;16952;77.3;974;4.4;1904;8.7;2097;9.6
FR;2021-03-14-2021-03-20;49;21579;56.1;16693;77.4;967;4.5;1934;9;1985;9.2
FR;2021-03-14-2021-03-20;59;18868;56.8;14395;76.3;932;4.9;1608;8.5;1933;10.2
FR;2021-03-14-2021-03-20;69;13571;59.7;10169;74.9;745;5.5;1169;8.6;1488;11
FR;2021-03-14-2021-03-20;79;7504;59.4;5436;72.4;338;4.5;749;10;981;13.1
FR;2021-03-14-2021-03-20;89;4471;61.7;3073;68.7;194;4.3;477;10.7;727;16.3
FR;2021-03-14-2021-03-20;90;1795;61.3;1192;66.4;64;3.6;228;12.7;311;17.3
FR;2021-03-15-2021-03-21;09;8760;61.3;6539;74.6;338;3.9;1093;12.5;790;9
FR;2021-03-15-2021-03-21;19;21402;56.7;16433;76.8;927;4.3;1959;9.2;2083;9.7
FR;2021-03-15-2021-03-21;29;21702;53.3;16542;76.2;1101;5.1;2050;9.4;2009;9.3
FR;2021-03-15-2021-03-21;39;21947;54.2;16960;77.3;986;4.5;1922;8.8;2079;9.5
FR;2021-03-15-2021-03-21;49;21579;56.1;16701;77.4;963;4.5;1941;9;1974;9.1
FR;2021-03-15-2021-03-21;59;18873;56.8;14409;76.3;916;4.9;1612;8.5;1936;10.3
FR;2021-03-15-2021-03-21;69;13593;59.7;10188;75;743;5.5;1183;8.7;1479;10.9
FR;2021-03-15-2021-03-21;79;7515;59.4;5437;72.3;335;4.5;758;10.1;985;13.1
FR;2021-03-15-2021-03-21;89;4490;61.9;3091;68.8;189;4.2;481;10.7;729;16.2
FR;2021-03-15-2021-03-21;90;1802;61.2;1195;66.3;62;3.4;228;12.7;317;17.6
FR;2021-03-16-2021-03-22;09;9150;60.8;6854;74.9;356;3.9;1182;12.9;758;8.3
FR;2021-03-16-2021-03-22;19;22265;56.8;17179;77.2;907;4.1;2130;9.6;2049;9.2
FR;2021-03-16-2021-03-22;29;21864;53.8;16809;76.9;1088;5;2106;9.6;1861;8.5
FR;2021-03-16-2021-03-22;39;22401;54.6;17306;77.3;1032;4.6;2073;9.3;1990;8.9
FR;2021-03-16-2021-03-22;49;22243;56.3;17313;77.8;1014;4.6;2058;9.3;1858;8.4
FR;2021-03-16-2021-03-22;59;19252;57.1;14838;77.1;921;4.8;1665;8.6;1828;9.5
FR;2021-03-16-2021-03-22;69;13834;60;10428;75.4;752;5.4;1259;9.1;1395;10.1
FR;2021-03-16-2021-03-22;79;7557;59.3;5540;73.3;342;4.5;730;9.7;945;12.5
FR;2021-03-16-2021-03-22;89;4478;61.9;3188;71.2;177;4;480;10.7;633;14.1
FR;2021-03-16-2021-03-22;90;1807;60.9;1244;68.8;60;3.3;233;12.9;270;14.9
FR;2021-03-17-2021-03-23;09;9609;61.5;7206;75;364;3.8;1289;13.4;750;7.8
FR;2021-03-17-2021-03-23;19;23321;57.5;18165;77.9;956;4.1;2208;9.5;1992;8.5
FR;2021-03-17-2021-03-23;29;22265;54.6;17162;77.1;1070;4.8;2216;10;1817;8.2
FR;2021-03-17-2021-03-23;39;23178;55.3;18010;77.7;1035;4.5;2195;9.5;1938;8.4
FR;2021-03-17-2021-03-23;49;23102;57.1;18140;78.5;1026;4.4;2125;9.2;1811;7.8
FR;2021-03-17-2021-03-23;59;19853;57.8;15386;77.5;916;4.6;1745;8.8;1806;9.1
FR;2021-03-17-2021-03-23;69;14196;60.7;10807;76.1;747;5.3;1277;9;1365;9.6
FR;2021-03-17-2021-03-23;79;7816;60.1;5766;73.8;360;4.6;753;9.6;937;12
FR;2021-03-17-2021-03-23;89;4511;62.1;3232;71.6;184;4.1;498;11;597;13.2
FR;2021-03-17-2021-03-23;90;1850;61.6;1284;69.4;71;3.8;243;13.1;252;13.6
FR;2021-03-18-2021-03-24;09;9980;61.4;7550;75.7;369;3.7;1315;13.2;746;7.5
FR;2021-03-18-2021-03-24;19;24177;57;19042;78.8;963;4;2224;9.2;1948;8.1
FR;2021-03-18-2021-03-24;29;22478;53.9;17455;77.7;1061;4.7;2127;9.5;1835;8.2
FR;2021-03-18-2021-03-24;39;23799;55.1;18655;78.4;1063;4.5;2192;9.2;1889;7.9
FR;2021-03-18-2021-03-24;49;23631;56.8;18748;79.3;1032;4.4;2105;8.9;1746;7.4
FR;2021-03-18-2021-03-24;59;20379;57.6;15919;78.1;936;4.6;1769;8.7;1755;8.6
FR;2021-03-18-2021-03-24;69;14447;60.4;11147;77.2;740;5.1;1259;8.7;1301;9
FR;2021-03-18-2021-03-24;79;8051;60.2;6007;74.6;349;4.3;783;9.7;912;11.3
FR;2021-03-18-2021-03-24;89;4604;62.1;3342;72.6;188;4.1;507;11;567;12.3
FR;2021-03-18-2021-03-24;90;1874;61.8;1308;69.8;81;4.3;248;13.2;237;12.6
FR;2021-03-19-2021-03-25;09;10166;60.4;7733;76.1;373;3.7;1358;13.4;702;6.9
FR;2021-03-19-2021-03-25;19;24753;55.9;19548;79;975;3.9;2313;9.3;1917;7.7
FR;2021-03-19-2021-03-25;29;22639;52.8;17680;78.1;1093;4.8;2128;9.4;1738;7.7
FR;2021-03-19-2021-03-25;39;24041;53.9;18945;78.8;1053;4.4;2238;9.3;1805;7.5
FR;2021-03-19-2021-03-25;49;23989;55.6;19134;79.8;1045;4.4;2109;8.8;1701;7.1
FR;2021-03-19-2021-03-25;59;20526;56.2;16157;78.7;922;4.5;1769;8.6;1678;8.2
FR;2021-03-19-2021-03-25;69;14367;58.7;11152;77.6;714;5;1264;8.8;1237;8.6
FR;2021-03-19-2021-03-25;79;8031;59.3;6035;75.1;344;4.3;786;9.8;866;10.8
FR;2021-03-19-2021-03-25;89;4592;60.9;3365;73.3;188;4.1;520;11.3;519;11.3
FR;2021-03-19-2021-03-25;90;1867;61.1;1272;68.1;89;4.8;265;14.2;241;12.9
FR;2021-03-20-2021-03-26;09;10529;60.6;8075;76.7;395;3.8;1362;12.9;697;6.6
FR;2021-03-20-2021-03-26;19;25970;55.8;20713;79.8;1030;4;2359;9.1;1868;7.2
FR;2021-03-20-2021-03-26;29;23081;52.6;18225;79;1063;4.6;2101;9.1;1692;7.3
FR;2021-03-20-2021-03-26;39;24673;53.8;19613;79.5;1088;4.4;2237;9.1;1735;7
FR;2021-03-20-2021-03-26;49;24771;55.6;19878;80.2;1082;4.4;2107;8.5;1704;6.9
FR;2021-03-20-2021-03-26;59;21058;56.1;16704;79.3;961;4.6;1774;8.4;1619;7.7
FR;2021-03-20-2021-03-26;69;14699;58.5;11479;78.1;720;4.9;1249;8.5;1251;8.5
FR;2021-03-20-2021-03-26;79;8170;59.2;6245;76.4;353;4.3;757;9.3;815;10
FR;2021-03-20-2021-03-26;89;4643;60.7;3461;74.5;183;3.9;512;11;487;10.5
FR;2021-03-20-2021-03-26;90;1897;61.3;1314;69.3;87;4.6;255;13.4;241;12.7
FR;2021-03-21-2021-03-27;09;10700;60.5;8197;76.6;409;3.8;1399;13.1;695;6.5
FR;2021-03-21-2021-03-27;19;26344;55.4;21142;80.3;1040;3.9;2355;8.9;1807;6.9
FR;2021-03-21-2021-03-27;29;23459;52.4;18620;79.4;1063;4.5;2098;8.9;1678;7.2
FR;2021-03-21-2021-03-27;39;24963;53.4;19872;79.6;1108;4.4;2244;9;1739;7
FR;2021-03-21-2021-03-27;49;25077;55.3;20207;80.6;1090;4.3;2092;8.3;1688;6.7
FR;2021-03-21-2021-03-27;59;21413;56.2;17076;79.7;964;4.5;1780;8.3;1593;7.4
FR;2021-03-21-2021-03-27;69;14853;58.3;11651;78.4;739;5;1259;8.5;1204;8.1
FR;2021-03-21-2021-03-27;79;8258;59.2;6371;77.1;353;4.3;739;8.9;795;9.6
FR;2021-03-21-2021-03-27;89;4700;60.6;3532;75.1;187;4;512;10.9;469;10
FR;2021-03-21-2021-03-27;90;1935;61.9;1348;69.7;88;4.5;266;13.7;233;12
FR;2021-03-22-2021-03-28;09;10711;60.4;8220;76.7;403;3.8;1391;13;697;6.5
FR;2021-03-22-2021-03-28;19;26409;55.4;21212;80.3;1044;4;2347;8.9;1806;6.8
FR;2021-03-22-2021-03-28;29;23488;52.4;18676;79.5;1056;4.5;2082;8.9;1674;7.1
FR;2021-03-22-2021-03-28;39;24966;53.5;19910;79.7;1112;4.5;2215;8.9;1729;6.9
FR;2021-03-22-2021-03-28;49;25147;55.3;20271;80.6;1101;4.4;2081;8.3;1694;6.7
FR;2021-03-22-2021-03-28;59;21385;56.2;17069;79.8;960;4.5;1776;8.3;1580;7.4
FR;2021-03-22-2021-03-28;69;14868;58.4;11688;78.6;742;5;1242;8.4;1196;8
FR;2021-03-22-2021-03-28;79;8256;59.1;6393;77.4;350;4.2;733;8.9;780;9.4
FR;2021-03-22-2021-03-28;89;4730;60.7;3565;75.4;188;4;520;11;457;9.7
FR;2021-03-22-2021-03-28;90;1929;62;1353;70.1;90;4.7;267;13.8;219;11.4
FR;2021-03-23-2021-03-29;09;10964;60.3;8498;77.5;416;3.8;1362;12.4;688;6.3
FR;2021-03-23-2021-03-29;19;27461;55.3;22311;81.2;1046;3.8;2334;8.5;1770;6.4
FR;2021-03-23-2021-03-29;29;24084;52.4;19385;80.5;1051;4.4;2042;8.5;1606;6.7
FR;2021-03-23-2021-03-29;39;25600;53.7;20626;80.6;1099;4.3;2185;8.5;1690;6.6
FR;2021-03-23-2021-03-29;49;25856;55.4;21113;81.7;1075;4.2;1998;7.7;1670;6.5
FR;2021-03-23-2021-03-29;59;22035;56.4;17777;80.7;987;4.5;1726;7.8;1545;7
FR;2021-03-23-2021-03-29;69;15177;58.4;12053;79.4;753;5;1218;8;1153;7.6
FR;2021-03-23-2021-03-29;79;8453;59.5;6584;77.9;355;4.2;751;8.9;763;9
FR;2021-03-23-2021-03-29;89;4889;61.4;3706;75.8;204;4.2;529;10.8;450;9.2
FR;2021-03-23-2021-03-29;90;1987;62.4;1404;70.7;100;5;254;12.8;229;11.5
FR;2021-03-24-2021-03-30;09;11084;59.1;8569;77.3;418;3.8;1379;12.4;718;6.5
FR;2021-03-24-2021-03-30;19;27831;54.2;22676;81.5;1054;3.8;2355;8.5;1746;6.3
FR;2021-03-24-2021-03-30;29;24154;51.1;19526;80.8;1081;4.5;1998;8.3;1549;6.4
FR;2021-03-24-2021-03-30;39;25632;52.8;20751;81;1106;4.3;2132;8.3;1643;6.4
FR;2021-03-24-2021-03-30;49;25889;54.3;21240;82;1078;4.2;1934;7.5;1637;6.3
FR;2021-03-24-2021-03-30;59;22089;55.5;17945;81.2;982;4.4;1678;7.6;1484;6.7
FR;2021-03-24-2021-03-30;69;15085;57.1;12107;80.3;717;4.8;1188;7.9;1073;7.1
FR;2021-03-24-2021-03-30;79;8455;58.7;6657;78.7;345;4.1;732;8.7;721;8.5
FR;2021-03-24-2021-03-30;89;4968;61.4;3818;76.9;200;4;505;10.2;445;9
FR;2021-03-24-2021-03-30;90;1962;61.7;1417;72.2;97;4.9;240;12.2;208;10.6
FR;2021-03-25-2021-03-31;09;11058;58.5;8505;76.9;424;3.8;1412;12.8;717;6.5
FR;2021-03-25-2021-03-31;19;28033;53.5;22881;81.6;1061;3.8;2389;8.5;1702;6.1
FR;2021-03-25-2021-03-31;29;24096;50.4;19510;81;1088;4.5;2014;8.4;1484;6.2
FR;2021-03-25-2021-03-31;39;25286;51.7;20517;81.1;1080;4.3;2122;8.4;1567;6.2
FR;2021-03-25-2021-03-31;49;25890;53.3;21258;82.1;1060;4.1;1965;7.6;1607;6.2
FR;2021-03-25-2021-03-31;59;22024;54.6;17992;81.7;954;4.3;1664;7.6;1414;6.4
FR;2021-03-25-2021-03-31;69;14885;56.2;12016;80.7;692;4.6;1154;7.8;1023;6.9
FR;2021-03-25-2021-03-31;79;8362;57.9;6641;79.4;339;4.1;713;8.5;669;8
FR;2021-03-25-2021-03-31;89;4894;61;3778;77.2;208;4.3;487;10;421;8.6
FR;2021-03-25-2021-03-31;90;1943;61;1414;72.8;92;4.7;229;11.8;208;10.7
FR;2021-03-26-2021-04-01;09;10890;58.3;8339;76.6;418;3.8;1420;13;713;6.5
FR;2021-03-26-2021-04-01;19;28138;53.7;23031;81.9;1069;3.8;2395;8.5;1643;5.8
FR;2021-03-26-2021-04-01;29;24357;50.3;19763;81.1;1045;4.3;2056;8.4;1493;6.1
FR;2021-03-26-2021-04-01;39;25461;51.6;20781;81.6;1092;4.3;2050;8.1;1538;6
FR;2021-03-26-2021-04-01;49;26121;53.3;21586;82.6;1056;4;1914;7.3;1565;6
FR;2021-03-26-2021-04-01;59;22334;54.8;18325;82;953;4.3;1668;7.5;1388;6.2
FR;2021-03-26-2021-04-01;69;14874;56.4;12114;81.4;680;4.6;1117;7.5;963;6.5
FR;2021-03-26-2021-04-01;79;8540;58.2;6827;79.9;349;4.1;707;8.3;657;7.7
FR;2021-03-26-2021-04-01;89;4981;61.5;3853;77.4;209;4.2;479;9.6;440;8.8
FR;2021-03-26-2021-04-01;90;2010;61.5;1491;74.2;84;4.2;228;11.3;207;10.3
FR;2021-03-27-2021-04-02;09;10291;57.1;7874;76.5;382;3.7;1392;13.5;643;6.2
FR;2021-03-27-2021-04-02;19;27073;52.9;22254;82.2;980;3.6;2304;8.5;1535;5.7
FR;2021-03-27-2021-04-02;29;24325;49.6;19714;81;1052;4.3;2080;8.6;1479;6.1
FR;2021-03-27-2021-04-02;39;24947;50.8;20403;81.8;1076;4.3;2017;8.1;1451;5.8
FR;2021-03-27-2021-04-02;49;25789;52.4;21441;83.1;1010;3.9;1865;7.2;1473;5.7
FR;2021-03-27-2021-04-02;59;22083;54.1;18211;82.5;923;4.2;1645;7.4;1304;5.9
FR;2021-03-27-2021-04-02;69;14602;55.7;11972;82;640;4.4;1113;7.6;877;6
FR;2021-03-27-2021-04-02;79;8507;57.9;6800;79.9;343;4;723;8.5;641;7.5
FR;2021-03-27-2021-04-02;89;5047;61.8;3929;77.8;215;4.3;486;9.6;417;8.3
FR;2021-03-27-2021-04-02;90;2009;61.7;1493;74.3;85;4.2;240;11.9;191;9.5
FR;2021-03-28-2021-04-03;09;10033;56.9;7655;76.3;372;3.7;1385;13.8;621;6.2
FR;2021-03-28-2021-04-03;19;26850;52.9;22058;82.2;961;3.6;2343;8.7;1488;5.5
FR;2021-03-28-2021-04-03;29;24380;49.4;19759;81;1060;4.3;2109;8.7;1452;6
FR;2021-03-28-2021-04-03;39;24791;50.5;20309;81.9;1051;4.2;2024;8.2;1407;5.7
FR;2021-03-28-2021-04-03;49;25727;52.2;21415;83.2;1010;3.9;1883;7.3;1419;5.5
FR;2021-03-28-2021-04-03;59;22095;53.9;18223;82.5;909;4.1;1670;7.6;1293;5.9
FR;2021-03-28-2021-04-03;69;14444;55;11845;82;618;4.3;1108;7.7;873;6
FR;2021-03-28-2021-04-03;79;8463;57.6;6762;79.9;346;4.1;725;8.6;630;7.4
FR;2021-03-28-2021-04-03;89;5027;61.3;3918;77.9;212;4.2;485;9.6;412;8.2
FR;2021-03-28-2021-04-03;90;1986;61;1477;74.4;95;4.8;232;11.7;182;9.2
FR;2021-03-29-2021-04-04;09;9994;57.1;7627;76.3;372;3.7;1381;13.8;614;6.1
FR;2021-03-29-2021-04-04;19;26696;52.8;21928;82.1;956;3.6;2327;8.7;1485;5.6
FR;2021-03-29-2021-04-04;29;24407;49.4;19763;81;1086;4.4;2105;8.6;1453;6
FR;2021-03-29-2021-04-04;39;24727;50.4;20255;81.9;1064;4.3;2012;8.1;1396;5.6
FR;2021-03-29-2021-04-04;49;25596;52;21303;83.2;1005;3.9;1872;7.3;1416;5.5
FR;2021-03-29-2021-04-04;59;22096;53.7;18241;82.6;910;4.1;1656;7.5;1289;5.8
FR;2021-03-29-2021-04-04;69;14412;54.8;11803;81.9;619;4.3;1112;7.7;878;6.1
FR;2021-03-29-2021-04-04;79;8448;57.5;6750;79.9;356;4.2;718;8.5;624;7.4
FR;2021-03-29-2021-04-04;89;5003;61.3;3893;77.8;225;4.5;474;9.5;411;8.2
FR;2021-03-29-2021-04-04;90;1979;60.7;1474;74.5;93;4.7;229;11.6;183;9.2
FR;2021-03-30-2021-04-05;09;7897;56.2;5991;75.9;287;3.6;1142;14.5;477;6
FR;2021-03-30-2021-04-05;19;21145;51.6;17339;82;792;3.7;1862;8.8;1152;5.4
FR;2021-03-30-2021-04-05;29;19905;48.2;16065;80.7;879;4.4;1776;8.9;1185;6
FR;2021-03-30-2021-04-05;39;19745;48.8;16169;81.9;846;4.3;1638;8.3;1092;5.5
FR;2021-03-30-2021-04-05;49;20343;50.6;16903;83.1;803;3.9;1530;7.5;1107;5.4
FR;2021-03-30-2021-04-05;59;17540;52.3;14463;82.5;710;4;1366;7.8;1001;5.7
FR;2021-03-30-2021-04-05;69;11360;53.2;9338;82.2;471;4.1;864;7.6;687;6
FR;2021-03-30-2021-04-05;79;6833;56.2;5484;80.3;277;4.1;596;8.7;476;7
FR;2021-03-30-2021-04-05;89;4137;59.5;3213;77.7;188;4.5;391;9.5;345;8.3
FR;2021-03-30-2021-04-05;90;1631;59.3;1214;74.4;73;4.5;199;12.2;145;8.9
FR;2021-03-31-2021-04-06;09;7432;55.3;5702;76.7;280;3.8;1038;14;412;5.5
FR;2021-03-31-2021-04-06;19;20696;51.1;17080;82.5;717;3.5;1812;8.8;1087;5.3
FR;2021-03-31-2021-04-06;29;21031;47.6;17068;81.2;886;4.2;1845;8.8;1232;5.9
FR;2021-03-31-2021-04-06;39;20658;47.9;17024;82.4;874;4.2;1692;8.2;1068;5.2
FR;2021-03-31-2021-04-06;49;21642;49.9;18081;83.5;843;3.9;1593;7.4;1125;5.2
FR;2021-03-31-2021-04-06;59;18931;51.6;15652;82.7;802;4.2;1454;7.7;1023;5.4
FR;2021-03-31-2021-04-06;69;12127;52.9;9969;82.2;511;4.2;927;7.6;720;5.9
FR;2021-03-31-2021-04-06;79;7120;55.1;5732;80.5;267;3.8;639;9;482;6.8
FR;2021-03-31-2021-04-06;89;4318;59;3348;77.5;186;4.3;437;10.1;347;8
FR;2021-03-31-2021-04-06;90;1734;58.9;1297;74.8;77;4.4;214;12.3;146;8.4
FR;2021-04-01-2021-04-07;09;6999;55.3;5377;76.8;259;3.7;1000;14.3;363;5.2
FR;2021-04-01-2021-04-07;19;19898;51.5;16447;82.7;687;3.5;1744;8.8;1020;5.1
FR;2021-04-01-2021-04-07;29;21579;48.1;17554;81.3;877;4.1;1930;8.9;1218;5.6
FR;2021-04-01-2021-04-07;39;21105;48.2;17462;82.7;851;4;1744;8.3;1048;5
FR;2021-04-01-2021-04-07;49;21954;50.1;18414;83.9;893;4.1;1577;7.2;1070;4.9
FR;2021-04-01-2021-04-07;59;19399;52;16117;83.1;813;4.2;1464;7.5;1005;5.2
FR;2021-04-01-2021-04-07;69;12437;53.1;10248;82.4;503;4;988;7.9;698;5.6
FR;2021-04-01-2021-04-07;79;7278;55.5;5878;80.8;284;3.9;646;8.9;470;6.5
FR;2021-04-01-2021-04-07;89;4380;58.6;3419;78.1;177;4;445;10.2;339;7.7
FR;2021-04-01-2021-04-07;90;1799;58.8;1368;76;81;4.5;214;11.9;136;7.6
FR;2021-04-02-2021-04-08;09;6685;55.9;5188;77.6;245;3.7;910;13.6;342;5.1
FR;2021-04-02-2021-04-08;19;19355;51.8;16069;83;641;3.3;1641;8.5;1004;5.2
FR;2021-04-02-2021-04-08;29;21871;48.7;17839;81.6;880;4;1923;8.8;1229;5.6
FR;2021-04-02-2021-04-08;39;21189;48.7;17602;83.1;841;4;1714;8.1;1032;4.9
FR;2021-04-02-2021-04-08;49;22210;50.8;18544;83.5;927;4.2;1636;7.4;1103;5
FR;2021-04-02-2021-04-08;59;19563;52.4;16253;83.1;825;4.2;1463;7.5;1022;5.2
FR;2021-04-02-2021-04-08;69;12570;53.6;10320;82.1;516;4.1;1025;8.2;709;5.6
FR;2021-04-02-2021-04-08;79;7234;55.3;5847;80.8;282;3.9;638;8.8;467;6.5
FR;2021-04-02-2021-04-08;89;4392;58.7;3457;78.7;180;4.1;451;10.3;304;6.9
FR;2021-04-02-2021-04-08;90;1792;59.2;1376;76.8;79;4.4;200;11.2;137;7.6
FR;2021-04-03-2021-04-09;09;6523;56.4;5117;78.4;229;3.5;853;13.1;324;5
FR;2021-04-03-2021-04-09;19;19093;52.3;15864;83.1;643;3.4;1625;8.5;961;5
FR;2021-04-03-2021-04-09;29;22075;49;18083;81.9;864;3.9;1929;8.7;1199;5.4
FR;2021-04-03-2021-04-09;39;21245;48.9;17720;83.4;803;3.8;1707;8;1015;4.8
FR;2021-04-03-2021-04-09;49;22258;51.1;18550;83.3;942;4.2;1668;7.5;1098;4.9
FR;2021-04-03-2021-04-09;59;19731;52.8;16399;83.1;821;4.2;1501;7.6;1010;5.1
FR;2021-04-03-2021-04-09;69;12604;53.4;10359;82.2;504;4;1035;8.2;706;5.6
FR;2021-04-03-2021-04-09;79;7292;55;5864;80.4;288;3.9;662;9.1;478;6.6
FR;2021-04-03-2021-04-09;89;4293;58.1;3374;78.6;177;4.1;427;9.9;315;7.3
FR;2021-04-03-2021-04-09;90;1749;58.4;1338;76.5;74;4.2;193;11;144;8.2
FR;2021-04-04-2021-04-10;09;6393;56.4;5069;79.3;208;3.3;816;12.8;300;4.7
FR;2021-04-04-2021-04-10;19;18846;52.2;15758;83.6;608;3.2;1560;8.3;920;4.9
FR;2021-04-04-2021-04-10;29;22113;48.8;18083;81.8;884;4;1936;8.8;1210;5.5
FR;2021-04-04-2021-04-10;39;21215;48.9;17702;83.4;816;3.8;1712;8.1;985;4.6
FR;2021-04-04-2021-04-10;49;22128;50.9;18460;83.4;932;4.2;1640;7.4;1096;5
FR;2021-04-04-2021-04-10;59;19678;52.7;16386;83.3;808;4.1;1503;7.6;981;5
FR;2021-04-04-2021-04-10;69;12666;53.7;10476;82.7;485;3.8;1033;8.2;672;5.3
FR;2021-04-04-2021-04-10;79;7288;54.9;5884;80.7;285;3.9;662;9.1;457;6.3
FR;2021-04-04-2021-04-10;89;4293;58.2;3391;79;164;3.8;438;10.2;300;7
FR;2021-04-04-2021-04-10;90;1737;58.6;1337;77;58;3.3;201;11.6;141;8.1
FR;2021-04-05-2021-04-11;09;6364;56.3;5053;79.4;209;3.3;802;12.6;300;4.7
FR;2021-04-05-2021-04-11;19;18893;52.3;15795;83.6;616;3.3;1556;8.2;926;4.9
FR;2021-04-05-2021-04-11;29;22116;48.8;18102;81.9;867;3.9;1939;8.8;1208;5.5
FR;2021-04-05-2021-04-11;39;21260;49;17721;83.4;809;3.8;1736;8.2;994;4.7
FR;2021-04-05-2021-04-11;49;22150;51;18478;83.4;928;4.2;1650;7.4;1094;4.9
FR;2021-04-05-2021-04-11;59;19738;52.9;16425;83.2;813;4.1;1517;7.7;983;5
FR;2021-04-05-2021-04-11;69;12662;53.7;10481;82.8;488;3.9;1028;8.1;665;5.3
FR;2021-04-05-2021-04-11;79;7284;54.9;5881;80.7;276;3.8;666;9.1;461;6.3
FR;2021-04-05-2021-04-11;89;4321;58.4;3422;79.2;154;3.6;444;10.3;301;7
FR;2021-04-05-2021-04-11;90;1742;58.7;1345;77.2;59;3.4;198;11.4;140;8
FR;2021-04-06-2021-04-12;09;7478;56.7;5960;79.7;237;3.2;930;12.4;351;4.7
FR;2021-04-06-2021-04-12;19;22422;52.8;18769;83.7;737;3.3;1832;8.2;1084;4.8
FR;2021-04-06-2021-04-12;29;26343;49.2;21632;82.1;1039;3.9;2240;8.5;1432;5.4
FR;2021-04-06-2021-04-12;39;25365;49.6;21151;83.4;984;3.9;2067;8.1;1163;4.6
FR;2021-04-06-2021-04-12;49;26528;51.7;22162;83.5;1115;4.2;1978;7.5;1273;4.8
FR;2021-04-06-2021-04-12;59;23676;53;19713;83.3;971;4.1;1844;7.8;1148;4.8
FR;2021-04-06-2021-04-12;69;15241;54.2;12619;82.8;577;3.8;1262;8.3;783;5.1
FR;2021-04-06-2021-04-12;79;8658;55.3;7037;81.3;334;3.9;771;8.9;516;6
FR;2021-04-06-2021-04-12;89;4950;58.7;3940;79.6;179;3.6;494;10;337;6.8
FR;2021-04-06-2021-04-12;90;1990;59.8;1541;77.4;68;3.4;230;11.6;151;7.6
FR;2021-04-07-2021-04-13;09;6993;58;5564;79.6;228;3.3;886;12.7;315;4.5
FR;2021-04-07-2021-04-13;19;21164;53.9;17679;83.5;723;3.4;1742;8.2;1020;4.8
FR;2021-04-07-2021-04-13;29;24864;50.1;20376;81.9;985;4;2189;8.8;1314;5.3
FR;2021-04-07-2021-04-13;39;23784;50.5;19738;83;942;4;2040;8.6;1064;4.5
FR;2021-04-07-2021-04-13;49;24571;52.6;20454;83.2;1051;4.3;1887;7.7;1179;4.8
FR;2021-04-07-2021-04-13;59;22021;53.9;18327;83.2;893;4.1;1774;8.1;1027;4.7
FR;2021-04-07-2021-04-13;69;14280;55.1;11792;82.6;547;3.8;1243;8.7;698;4.9
FR;2021-04-07-2021-04-13;79;8205;56;6690;81.5;330;4;730;8.9;455;5.5
FR;2021-04-07-2021-04-13;89;4732;59.1;3783;79.9;184;3.9;474;10;291;6.1
FR;2021-04-07-2021-04-13;90;1920;60.9;1494;77.8;61;3.2;220;11.5;145;7.6
FR;2021-04-08-2021-04-14;09;6740;58;5354;79.4;222;3.3;858;12.7;306;4.5
FR;2021-04-08-2021-04-14;19;20253;53.7;16910;83.5;717;3.5;1664;8.2;962;4.7
FR;2021-04-08-2021-04-14;29;23837;49.5;19528;81.9;953;4;2130;8.9;1226;5.1
FR;2021-04-08-2021-04-14;39;22669;50.2;18735;82.6;954;4.2;1972;8.7;1008;4.4
FR;2021-04-08-2021-04-14;49;23362;52.3;19387;83;982;4.2;1872;8;1121;4.8
FR;2021-04-08-2021-04-14;59;21110;53.5;17516;83;869;4.1;1765;8.4;960;4.5
FR;2021-04-08-2021-04-14;69;13671;54.4;11250;82.3;574;4.2;1193;8.7;654;4.8
FR;2021-04-08-2021-04-14;79;7888;55.6;6414;81.3;311;3.9;734;9.3;429;5.4
FR;2021-04-08-2021-04-14;89;4598;59.2;3678;80;169;3.7;479;10.4;272;5.9
FR;2021-04-08-2021-04-14;90;1862;61.6;1435;77.1;54;2.9;233;12.5;140;7.5
FR;2021-04-09-2021-04-15;09;6482;57.7;5165;79.7;220;3.4;819;12.6;278;4.3
FR;2021-04-09-2021-04-15;19;19412;53.2;16205;83.5;684;3.5;1643;8.5;880;4.5
FR;2021-04-09-2021-04-15;29;22915;48.8;18763;81.9;950;4.1;2095;9.1;1107;4.8
FR;2021-04-09-2021-04-15;39;21734;49.6;17926;82.5;909;4.2;1959;9;940;4.3
FR;2021-04-09-2021-04-15;49;22179;51.3;18421;83.1;919;4.1;1851;8.3;988;4.5
FR;2021-04-09-2021-04-15;59;20325;52.6;16886;83.1;846;4.2;1725;8.5;868;4.3
FR;2021-04-09-2021-04-15;69;13169;53.4;10860;82.5;536;4.1;1183;9;590;4.5
FR;2021-04-09-2021-04-15;79;7675;55.3;6271;81.7;283;3.7;737;9.6;384;5
FR;2021-04-09-2021-04-15;89;4499;58.7;3574;79.4;169;3.8;492;10.9;264;5.9
FR;2021-04-09-2021-04-15;90;1861;61.7;1433;77;56;3;245;13.2;127;6.8
FR;2021-04-10-2021-04-16;09;6207;57.8;4960;79.9;217;3.5;769;12.4;261;4.2
FR;2021-04-10-2021-04-16;19;18933;53.7;15845;83.7;686;3.6;1594;8.4;808;4.3
FR;2021-04-10-2021-04-16;29;22422;48.9;18379;82;975;4.3;2060;9.2;1008;4.5
FR;2021-04-10-2021-04-16;39;21433;49.9;17573;82;964;4.5;1991;9.3;905;4.2
FR;2021-04-10-2021-04-16;49;21645;51.5;18068;83.5;901;4.2;1786;8.3;890;4.1
FR;2021-04-10-2021-04-16;59;19945;52.5;16588;83.2;872;4.4;1660;8.3;825;4.1
FR;2021-04-10-2021-04-16;69;12861;53.5;10566;82.2;564;4.4;1186;9.2;545;4.2
FR;2021-04-10-2021-04-16;79;7433;55.4;6103;82.1;278;3.7;715;9.6;337;4.5
FR;2021-04-10-2021-04-16;89;4403;58.8;3510;79.7;154;3.5;503;11.4;236;5.4
FR;2021-04-10-2021-04-16;90;1911;62.8;1468;76.8;65;3.4;264;13.8;114;6
FR;2021-04-11-2021-04-17;09;6159;58.1;4901;79.6;224;3.6;776;12.6;258;4.2
FR;2021-04-11-2021-04-17;19;18631;54.2;15555;83.5;691;3.7;1599;8.6;786;4.2
FR;2021-04-11-2021-04-17;29;22221;49.1;18219;82;966;4.3;2063;9.3;973;4.4
FR;2021-04-11-2021-04-17;39;21293;50.1;17481;82.1;942;4.4;1980;9.3;890;4.2
FR;2021-04-11-2021-04-17;49;21450;51.8;17883;83.4;890;4.1;1812;8.4;865;4
FR;2021-04-11-2021-04-17;59;19809;52.8;16449;83;904;4.6;1652;8.3;804;4.1
FR;2021-04-11-2021-04-17;69;12653;53.5;10368;81.9;565;4.5;1186;9.4;534;4.2
FR;2021-04-11-2021-04-17;79;7346;55.8;6008;81.8;274;3.7;726;9.9;338;4.6
FR;2021-04-11-2021-04-17;89;4340;58.7;3442;79.3;164;3.8;504;11.6;230;5.3
FR;2021-04-11-2021-04-17;90;1895;62.7;1458;76.9;67;3.5;255;13.5;115;6.1
FR;2021-04-12-2021-04-18;09;6153;58.4;4888;79.4;225;3.7;789;12.8;251;4.1
FR;2021-04-12-2021-04-18;19;18555;54.1;15495;83.5;680;3.7;1599;8.6;781;4.2
FR;2021-04-12-2021-04-18;29;22253;49.1;18253;82;966;4.3;2064;9.3;970;4.4
FR;2021-04-12-2021-04-18;39;21250;50.1;17464;82.2;935;4.4;1968;9.3;883;4.2
FR;2021-04-12-2021-04-18;49;21449;51.9;17877;83.3;899;4.2;1815;8.5;858;4
FR;2021-04-12-2021-04-18;59;19764;52.8;16411;83;909;4.6;1647;8.3;797;4
FR;2021-04-12-2021-04-18;69;12635;53.6;10358;82;564;4.5;1187;9.4;526;4.2
FR;2021-04-12-2021-04-18;79;7343;56.1;6007;81.8;278;3.8;726;9.9;332;4.5
FR;2021-04-12-2021-04-18;89;4296;58.4;3411;79.4;160;3.7;499;11.6;226;5.3
FR;2021-04-12-2021-04-18;90;1895;62.6;1463;77.2;65;3.4;249;13.1;118;6.2
FR;2021-04-13-2021-04-19;09;6081;58.5;4830;79.4;237;3.9;767;12.6;247;4.1
FR;2021-04-13-2021-04-19;19;18183;54.5;15177;83.5;714;3.9;1582;8.7;710;3.9
FR;2021-04-13-2021-04-19;29;21993;49.5;18003;81.9;1010;4.6;2070;9.4;910;4.1
FR;2021-04-13-2021-04-19;39;20914;50.3;17153;82;996;4.8;1932;9.2;833;4
FR;2021-04-13-2021-04-19;49;21088;52;17604;83.5;915;4.3;1763;8.4;806;3.8
FR;2021-04-13-2021-04-19;59;19480;53.1;16182;83.1;953;4.9;1594;8.2;751;3.9
FR;2021-04-13-2021-04-19;69;12322;53.4;10090;81.9;592;4.8;1137;9.2;503;4.1
FR;2021-04-13-2021-04-19;79;7134;55.9;5822;81.6;279;3.9;714;10;319;4.5
FR;2021-04-13-2021-04-19;89;4205;58.3;3335;79.3;156;3.7;509;12.1;205;4.9
FR;2021-04-13-2021-04-19;90;1907;62.2;1472;77.2;65;3.4;260;13.6;110;5.8
FR;2021-04-14-2021-04-20;09;6087;58.9;4874;80.1;248;4.1;724;11.9;241;4
FR;2021-04-14-2021-04-20;19;17799;54.5;14905;83.7;725;4.1;1506;8.5;663;3.7
FR;2021-04-14-2021-04-20;29;21954;49.7;18044;82.2;1041;4.7;2000;9.1;869;4
FR;2021-04-14-2021-04-20;39;20631;50.5;16978;82.3;1008;4.9;1821;8.8;824;4
FR;2021-04-14-2021-04-20;49;20678;52.1;17345;83.9;933;4.5;1667;8.1;733;3.5
FR;2021-04-14-2021-04-20;59;19096;53.1;15888;83.2;964;5;1527;8;717;3.8
FR;2021-04-14-2021-04-20;69;12149;53.4;9981;82.2;603;5;1079;8.9;486;4
FR;2021-04-14-2021-04-20;79;6957;56.1;5669;81.5;284;4.1;694;10;310;4.5
FR;2021-04-14-2021-04-20;89;4057;57.6;3223;79.4;149;3.7;488;12;197;4.9
FR;2021-04-14-2021-04-20;90;1870;62.2;1447;77.4;68;3.6;252;13.5;103;5.5
FR;2021-04-15-2021-04-21;09;6088;58.7;4923;80.9;259;4.3;672;11;234;3.8
FR;2021-04-15-2021-04-21;19;17525;54.4;14719;84;727;4.1;1450;8.3;629;3.6
FR;2021-04-15-2021-04-21;29;22209;50.3;18234;82.1;1136;5.1;2004;9;835;3.8
FR;2021-04-15-2021-04-21;39;20543;50.8;16895;82.2;1006;4.9;1827;8.9;815;4
FR;2021-04-15-2021-04-21;49;20618;52.7;17307;83.9;966;4.7;1634;7.9;711;3.4
FR;2021-04-15-2021-04-21;59;18893;53.5;15741;83.3;980;5.2;1481;7.8;691;3.7
FR;2021-04-15-2021-04-21;69;12010;53.7;9879;82.3;569;4.7;1085;9;477;4
FR;2021-04-15-2021-04-21;79;6852;56.2;5597;81.7;284;4.1;667;9.7;304;4.4
FR;2021-04-15-2021-04-21;89;4010;57.1;3186;79.5;150;3.7;480;12;194;4.8
FR;2021-04-15-2021-04-21;90;1908;61.9;1490;78.1;71;3.7;242;12.7;105;5.5
FR;2021-04-16-2021-04-22;09;6131;59.3;4949;80.7;262;4.3;694;11.3;226;3.7
FR;2021-04-16-2021-04-22;19;17384;54.9;14553;83.7;767;4.4;1450;8.3;614;3.5
FR;2021-04-16-2021-04-22;29;22247;50.9;18266;82.1;1154;5.2;2002;9;825;3.7
FR;2021-04-16-2021-04-22;39;20438;51.3;16736;81.9;1056;5.2;1855;9.1;791;3.9
FR;2021-04-16-2021-04-22;49;20530;53.3;17243;84;1005;4.9;1573;7.7;709;3.5
FR;2021-04-16-2021-04-22;59;18775;54.1;15626;83.2;1004;5.3;1491;7.9;654;3.5
FR;2021-04-16-2021-04-22;69;11872;54.1;9748;82.1;592;5;1050;8.8;482;4.1
FR;2021-04-16-2021-04-22;79;6723;56.2;5487;81.6;304;4.5;650;9.7;282;4.2
FR;2021-04-16-2021-04-22;89;3938;57.5;3117;79.2;153;3.9;474;12;194;4.9
FR;2021-04-16-2021-04-22;90;1858;60.8;1441;77.6;81;4.4;230;12.4;106;5.7
FR;2021-04-17-2021-04-23;09;6252;59.7;5021;80.3;290;4.6;706;11.3;235;3.8
FR;2021-04-17-2021-04-23;19;16734;54.3;13989;83.6;757;4.5;1405;8.4;583;3.5
FR;2021-04-17-2021-04-23;29;21856;50.6;17888;81.8;1167;5.3;1967;9;834;3.8
FR;2021-04-17-2021-04-23;39;19911;51.2;16361;82.2;1023;5.1;1769;8.9;758;3.8
FR;2021-04-17-2021-04-23;49;19975;53.2;16734;83.8;1020;5.1;1552;7.8;669;3.3
FR;2021-04-17-2021-04-23;59;18380;54.1;15293;83.2;989;5.4;1476;8;622;3.4
FR;2021-04-17-2021-04-23;69;11622;54;9538;82.1;572;4.9;1039;8.9;473;4.1
FR;2021-04-17-2021-04-23;79;6552;56;5343;81.5;297;4.5;643;9.8;269;4.1
FR;2021-04-17-2021-04-23;89;3852;56.9;3039;78.9;155;4;473;12.3;185;4.8
FR;2021-04-17-2021-04-23;90;1792;59.2;1397;78;75;4.2;218;12.2;102;5.7
FR;2021-04-18-2021-04-24;09;6336;59.6;5081;80.2;282;4.5;727;11.5;246;3.9
FR;2021-04-18-2021-04-24;19;16471;54.4;13743;83.4;773;4.7;1376;8.4;579;3.5
FR;2021-04-18-2021-04-24;29;21665;50.8;17711;81.7;1165;5.4;1961;9.1;828;3.8
FR;2021-04-18-2021-04-24;39;19651;51.3;16132;82.1;1038;5.3;1746;8.9;735;3.7
FR;2021-04-18-2021-04-24;49;19650;53.5;16437;83.6;1029;5.2;1533;7.8;651;3.3
FR;2021-04-18-2021-04-24;59;18052;54.2;15037;83.3;961;5.3;1448;8;606;3.4
FR;2021-04-18-2021-04-24;69;11508;54.2;9465;82.2;574;5;1009;8.8;460;4
FR;2021-04-18-2021-04-24;79;6480;55.7;5304;81.9;305;4.7;610;9.4;261;4
FR;2021-04-18-2021-04-24;89;3777;56.8;2997;79.3;146;3.9;458;12.1;176;4.7
FR;2021-04-18-2021-04-24;90;1779;59.4;1371;77.1;82;4.6;226;12.7;100;5.6
FR;2021-04-19-2021-04-25;09;6352;59.5;5096;80.2;286;4.5;720;11.3;250;3.9
FR;2021-04-19-2021-04-25;19;16470;54.5;13750;83.5;775;4.7;1373;8.3;572;3.5
FR;2021-04-19-2021-04-25;29;21492;50.8;17569;81.7;1156;5.4;1950;9.1;817;3.8
FR;2021-04-19-2021-04-25;39;19576;51.3;16058;82;1037;5.3;1747;8.9;734;3.7
FR;2021-04-19-2021-04-25;49;19573;53.6;16377;83.7;1035;5.3;1518;7.8;643;3.3
FR;2021-04-19-2021-04-25;59;17955;54.1;14955;83.3;960;5.3;1440;8;600;3.3
FR;2021-04-19-2021-04-25;69;11469;54.3;9426;82.2;573;5;1012;8.8;458;4
FR;2021-04-19-2021-04-25;79;6432;55.5;5272;82;300;4.7;606;9.4;254;3.9
FR;2021-04-19-2021-04-25;89;3749;56.8;2975;79.4;145;3.9;451;12;178;4.7
FR;2021-04-19-2021-04-25;90;1764;59.1;1351;76.6;83;4.7;236;13.4;94;5.3
FR;2021-04-20-2021-04-26;09;6420;59.6;5173;80.6;290;4.5;729;11.4;228;3.6
FR;2021-04-20-2021-04-26;19;15979;54.7;13343;83.5;731;4.6;1350;8.4;555;3.5
FR;2021-04-20-2021-04-26;29;20757;50.5;16952;81.7;1118;5.4;1926;9.3;761;3.7
FR;2021-04-20-2021-04-26;39;18857;51.3;15461;82;978;5.2;1715;9.1;703;3.7
FR;2021-04-20-2021-04-26;49;18454;53.4;15400;83.5;1007;5.5;1451;7.9;596;3.2
FR;2021-04-20-2021-04-26;59;17283;54.3;14411;83.4;917;5.3;1382;8;573;3.3
FR;2021-04-20-2021-04-26;69;11014;54.4;9065;82.3;548;5;987;9;414;3.8
FR;2021-04-20-2021-04-26;79;6116;55.8;4983;81.5;288;4.7;607;9.9;238;3.9
FR;2021-04-20-2021-04-26;89;3668;56.9;2911;79.4;138;3.8;447;12.2;172;4.7
FR;2021-04-20-2021-04-26;90;1769;59.8;1375;77.7;83;4.7;220;12.4;91;5.1
FR;2021-04-21-2021-04-27;09;6426;59.1;5128;79.8;278;4.3;785;12.2;235;3.7
FR;2021-04-21-2021-04-27;19;15511;54.7;12936;83.4;720;4.6;1339;8.6;516;3.3
FR;2021-04-21-2021-04-27;29;19903;50.2;16192;81.4;1080;5.4;1909;9.6;722;3.6
FR;2021-04-21-2021-04-27;39;18113;51;14780;81.6;971;5.4;1722;9.5;640;3.5
FR;2021-04-21-2021-04-27;49;17767;53.2;14718;82.8;977;5.5;1495;8.4;577;3.2
FR;2021-04-21-2021-04-27;59;16724;54.4;13902;83.1;892;5.3;1390;8.3;540;3.2
FR;2021-04-21-2021-04-27;69;10568;54.4;8637;81.7;531;5;1009;9.5;391;3.7
FR;2021-04-21-2021-04-27;79;5895;55.3;4784;81.2;269;4.6;622;10.6;220;3.7
FR;2021-04-21-2021-04-27;89;3514;56.3;2764;78.7;138;3.9;452;12.9;160;4.6
FR;2021-04-21-2021-04-27;90;1701;58.6;1322;77.7;76;4.5;223;13.1;80;4.7
FR;2021-04-22-2021-04-28;09;6427;59.2;5114;79.6;269;4.2;818;12.7;226;3.5
FR;2021-04-22-2021-04-28;19;15091;55;12499;82.8;740;4.9;1358;9;494;3.3
FR;2021-04-22-2021-04-28;29;18869;50;15301;81.1;1019;5.4;1845;9.8;704;3.7
FR;2021-04-22-2021-04-28;39;17425;51.1;14210;81.5;982;5.6;1645;9.4;588;3.4
FR;2021-04-22-2021-04-28;49;16877;52.9;13947;82.6;936;5.5;1457;8.6;537;3.2
FR;2021-04-22-2021-04-28;59;15942;53.9;13207;82.8;852;5.3;1363;8.5;520;3.3
FR;2021-04-22-2021-04-28;69;10175;54.5;8326;81.8;516;5.1;982;9.7;351;3.4
FR;2021-04-22-2021-04-28;79;5678;55.3;4588;80.8;261;4.6;635;11.2;194;3.4
FR;2021-04-22-2021-04-28;89;3389;56.6;2660;78.5;146;4.3;433;12.8;150;4.4
FR;2021-04-22-2021-04-28;90;1634;58.3;1235;75.6;86;5.3;234;14.3;79;4.8
FR;2021-04-23-2021-04-29;09;6476;59.2;5084;78.5;276;4.3;871;13.4;245;3.8
FR;2021-04-23-2021-04-29;19;14624;55;12090;82.7;735;5;1337;9.1;462;3.2
FR;2021-04-23-2021-04-29;29;18019;50;14571;80.9;999;5.5;1781;9.9;668;3.7
FR;2021-04-23-2021-04-29;39;16770;51.1;13681;81.6;957;5.7;1584;9.4;548;3.3
FR;2021-04-23-2021-04-29;49;16167;53.2;13300;82.3;895;5.5;1465;9.1;507;3.1
FR;2021-04-23-2021-04-29;59;15222;53.9;12576;82.6;821;5.4;1317;8.7;508;3.3
FR;2021-04-23-2021-04-29;69;9778;54.6;7995;81.8;495;5.1;963;9.8;325;3.3
FR;2021-04-23-2021-04-29;79;5454;55.6;4355;79.8;257;4.7;651;11.9;191;3.5
FR;2021-04-23-2021-04-29;89;3219;56.2;2532;78.7;135;4.2;420;13;132;4.1
FR;2021-04-23-2021-04-29;90;1598;59.2;1203;75.3;86;5.4;242;15.1;67;4.2
FR;2021-04-24-2021-04-30;09;6550;58.9;5106;78;277;4.2;917;14;250;3.8
FR;2021-04-24-2021-04-30;19;14509;54.9;11905;82.1;727;5;1407;9.7;470;3.2
FR;2021-04-24-2021-04-30;29;17288;50.1;13934;80.6;972;5.6;1766;10.2;616;3.6
FR;2021-04-24-2021-04-30;39;16094;51.1;13023;80.9;953;5.9;1589;9.9;529;3.3
FR;2021-04-24-2021-04-30;49;15524;53.1;12676;81.7;873;5.6;1469;9.5;506;3.3
FR;2021-04-24-2021-04-30;59;14604;53.7;11959;81.9;822;5.6;1340;9.2;483;3.3
FR;2021-04-24-2021-04-30;69;9390;54.6;7636;81.3;499;5.3;956;10.2;299;3.2
FR;2021-04-24-2021-04-30;79;5182;55.1;4109;79.3;255;4.9;644;12.4;174;3.4
FR;2021-04-24-2021-04-30;89;3110;56.6;2421;77.8;142;4.6;413;13.3;134;4.3
FR;2021-04-24-2021-04-30;90;1576;59.9;1184;75.1;88;5.6;234;14.8;70;4.4
FR;2021-04-25-2021-05-01;09;6020;59.3;4695;78;268;4.5;834;13.9;223;3.7
FR;2021-04-25-2021-05-01;19;13421;55.7;10991;81.9;670;5;1328;9.9;432;3.2
FR;2021-04-25-2021-05-01;29;15934;50.7;12835;80.6;911;5.7;1635;10.3;553;3.5
FR;2021-04-25-2021-05-01;39;14820;51.8;11941;80.6;882;6;1509;10.2;488;3.3
FR;2021-04-25-2021-05-01;49;14267;53.8;11641;81.6;811;5.7;1353;9.5;462;3.2
FR;2021-04-25-2021-05-01;59;13440;54.4;10962;81.6;779;5.8;1250;9.3;449;3.3
FR;2021-04-25-2021-05-01;69;8607;55.1;6959;80.9;464;5.4;912;10.6;272;3.2
FR;2021-04-25-2021-05-01;79;4782;55.5;3765;78.7;234;4.9;624;13;159;3.3
FR;2021-04-25-2021-05-01;89;2915;56.3;2258;77.5;141;4.8;387;13.3;129;4.4
FR;2021-04-25-2021-05-01;90;1510;60;1143;75.7;79;5.2;222;14.7;66;4.4
FR;2021-04-26-2021-05-02;09;6024;59.4;4703;78.1;271;4.5;829;13.8;221;3.7
FR;2021-04-26-2021-05-02;19;13459;55.7;11015;81.8;682;5.1;1327;9.9;435;3.2
FR;2021-04-26-2021-05-02;29;15964;50.7;12863;80.6;919;5.8;1633;10.2;549;3.4
FR;2021-04-26-2021-05-02;39;14765;51.9;11903;80.6;881;6;1505;10.2;476;3.2
FR;2021-04-26-2021-05-02;49;14233;53.8;11614;81.6;795;5.6;1359;9.5;465;3.3
FR;2021-04-26-2021-05-02;59;13453;54.5;10960;81.5;785;5.8;1259;9.4;449;3.3
FR;2021-04-26-2021-05-02;69;8571;55.1;6929;80.8;466;5.4;906;10.6;270;3.2
FR;2021-04-26-2021-05-02;79;4750;55.4;3727;78.5;234;4.9;629;13.2;160;3.4
FR;2021-04-26-2021-05-02;89;2886;56;2238;77.5;144;5;383;13.3;121;4.2
FR;2021-04-26-2021-05-02;90;1510;60.6;1143;75.7;84;5.6;216;14.3;67;4.4
FR;2021-04-27-2021-05-03;09;6248;60.2;4858;77.8;277;4.4;874;14;239;3.8
FR;2021-04-27-2021-05-03;19;13485;56.3;10990;81.5;680;5;1390;10.3;425;3.2
FR;2021-04-27-2021-05-03;29;15425;51.7;12372;80.2;913;5.9;1623;10.5;517;3.4
FR;2021-04-27-2021-05-03;39;14485;53;11639;80.4;909;6.3;1483;10.2;454;3.1
FR;2021-04-27-2021-05-03;49;14007;54.8;11392;81.3;756;5.4;1392;9.9;467;3.3
FR;2021-04-27-2021-05-03;59;12949;55.3;10510;81.2;755;5.8;1261;9.7;423;3.3
FR;2021-04-27-2021-05-03;69;8215;55.9;6599;80.3;449;5.5;909;11.1;258;3.1
FR;2021-04-27-2021-05-03;79;4524;55.2;3539;78.2;230;5.1;602;13.3;153;3.4
FR;2021-04-27-2021-05-03;89;2763;56.3;2134;77.2;148;5.4;372;13.5;109;3.9
FR;2021-04-27-2021-05-03;90;1398;59.3;1039;74.3;79;5.7;219;15.7;61;4.4
FR;2021-04-28-2021-05-04;09;6416;60.8;5003;78;282;4.4;895;13.9;236;3.7
FR;2021-04-28-2021-05-04;19;13355;56.8;10775;80.7;666;5;1482;11.1;432;3.2
FR;2021-04-28-2021-05-04;29;15127;52.6;12069;79.8;948;6.3;1618;10.7;492;3.3
FR;2021-04-28-2021-05-04;39;14190;54;11395;80.3;890;6.3;1449;10.2;456;3.2
FR;2021-04-28-2021-05-04;49;13587;55.6;11051;81.3;733;5.4;1358;10;445;3.3
FR;2021-04-28-2021-05-04;59;12431;55.8;10035;80.7;744;6;1236;9.9;416;3.3
FR;2021-04-28-2021-05-04;69;7856;56.5;6328;80.5;433;5.5;842;10.7;253;3.2
FR;2021-04-28-2021-05-04;79;4261;55.5;3319;77.9;224;5.3;568;13.3;150;3.5
FR;2021-04-28-2021-05-04;89;2652;56.5;2064;77.8;136;5.1;349;13.2;103;3.9
FR;2021-04-28-2021-05-04;90;1364;59.6;1013;74.3;82;6;208;15.2;61;4.5
FR;2021-04-29-2021-05-05;09;6470;61.4;5025;77.7;298;4.6;909;14;238;3.7
FR;2021-04-29-2021-05-05;19;13180;57;10641;80.7;644;4.9;1488;11.3;407;3.1
FR;2021-04-29-2021-05-05;29;14635;53.2;11661;79.7;927;6.3;1600;10.9;447;3.1
FR;2021-04-29-2021-05-05;39;13813;54.3;11081;80.2;857;6.2;1445;10.5;430;3.1
FR;2021-04-29-2021-05-05;49;13180;56.2;10693;81.1;724;5.5;1339;10.2;424;3.2
FR;2021-04-29-2021-05-05;59;11950;56.1;9607;80.4;722;6;1222;10.2;399;3.3
FR;2021-04-29-2021-05-05;69;7463;56.4;5955;79.8;429;5.7;825;11.1;254;3.4
FR;2021-04-29-2021-05-05;79;3997;55.1;3083;77.1;218;5.5;548;13.7;148;3.7
FR;2021-04-29-2021-05-05;89;2493;56.3;1916;76.9;130;5.2;348;14;99;4
FR;2021-04-29-2021-05-05;90;1266;59.4;966;76.3;64;5.1;181;14.3;55;4.3
FR;2021-04-30-2021-05-06;09;6351;60.2;4969;78.2;290;4.6;863;13.6;229;3.6
FR;2021-04-30-2021-05-06;19;12632;56.2;10182;80.6;593;4.7;1453;11.5;404;3.2
FR;2021-04-30-2021-05-06;29;13872;52.4;11015;79.4;882;6.4;1545;11.1;430;3.1
FR;2021-04-30-2021-05-06;39;13127;53.7;10467;79.7;822;6.3;1416;10.8;422;3.2
FR;2021-04-30-2021-05-06;49;12520;55.2;10132;80.9;708;5.7;1276;10.2;404;3.2
FR;2021-04-30-2021-05-06;59;11314;55.4;9045;79.9;692;6.1;1188;10.5;389;3.4
FR;2021-04-30-2021-05-06;69;6924;55.5;5514;79.6;401;5.8;772;11.1;237;3.4
FR;2021-04-30-2021-05-06;79;3654;53.4;2822;77.2;196;5.4;500;13.7;136;3.7
FR;2021-04-30-2021-05-06;89;2294;54.6;1747;76.2;126;5.5;331;14.4;90;3.9
FR;2021-04-30-2021-05-06;90;1133;56.3;867;76.5;55;4.9;162;14.3;49;4.3
FR;2021-05-01-2021-05-07;09;5713;54.3;4484;78.5;256;4.5;775;13.6;198;3.5
FR;2021-05-01-2021-05-07;19;11084;52;8876;80.1;544;4.9;1314;11.9;350;3.2
FR;2021-05-01-2021-05-07;29;12350;49;9747;78.9;786;6.4;1429;11.6;388;3.1
FR;2021-05-01-2021-05-07;39;11791;50.1;9389;79.6;745;6.3;1296;11;361;3.1
FR;2021-05-01-2021-05-07;49;11131;51.5;8985;80.7;634;5.7;1152;10.3;360;3.2
FR;2021-05-01-2021-05-07;59;9957;51.9;7928;79.6;614;6.2;1060;10.6;355;3.6
FR;2021-05-01-2021-05-07;69;5962;51.6;4764;79.9;329;5.5;653;11;216;3.6
FR;2021-05-01-2021-05-07;79;3139;49.2;2412;76.8;166;5.3;435;13.9;126;4
FR;2021-05-01-2021-05-07;89;1987;50.6;1508;75.9;109;5.5;296;14.9;74;3.7
FR;2021-05-01-2021-05-07;90;979;52.4;745;76.1;47;4.8;148;15.1;39;4
FR;2021-02-12-2021-02-18;0;82050;52.2;38297;46.7;3530;4.3;7068;8.6;33155;40.4
FR;2021-02-13-2021-02-19;0;89506;55.4;41694;46.6;4029;4.5;7902;8.8;35881;40.1
FR;2021-02-14-2021-02-20;0;92506;56.4;43409;46.9;4280;4.6;8076;8.7;36741;39.7
FR;2021-02-15-2021-02-21;0;93248;56.7;43900;47.1;4304;4.6;8199;8.8;36845;39.5
FR;2021-02-16-2021-02-22;0;97588;57.6;48039;49.2;4488;4.6;8659;8.9;36402;37.3
FR;2021-02-17-2021-02-23;0;100838;58.3;51378;51;4844;4.8;8991;8.9;35625;35.3
FR;2021-02-18-2021-02-24;0;102978;58.8;54334;52.8;5028;4.9;8957;8.7;34659;33.7
FR;2021-02-19-2021-02-25;0;104365;59.2;56699;54.3;5171;5;9088;8.7;33407;32
FR;2021-02-20-2021-02-26;0;104911;59.5;58695;55.9;5492;5.2;8899;8.5;31825;30.3
FR;2021-02-21-2021-02-27;0;105317;59.6;59641;56.6;5663;5.4;8924;8.5;31089;29.5
FR;2021-02-22-2021-02-28;0;105372;59.6;59815;56.8;5688;5.4;8886;8.4;30983;29.4
FR;2021-02-23-2021-03-01;0;105309;60.1;62128;59;5829;5.5;8683;8.2;28669;27.2
FR;2021-02-24-2021-03-02;0;104763;60;63501;60.6;5657;5.4;8678;8.3;26927;25.7
FR;2021-02-25-2021-03-03;0;104133;59.7;64646;62.1;5518;5.3;8696;8.4;25273;24.3
FR;2021-02-26-2021-03-04;0;103742;59.8;65845;63.5;5416;5.2;8727;8.4;23754;22.9
FR;2021-02-27-2021-03-05;0;103729;59.8;67213;64.8;5159;5;8964;8.6;22393;21.6
FR;2021-02-28-2021-03-06;0;104129;59.6;68291;65.6;5067;4.9;9067;8.7;21704;20.8
FR;2021-03-01-2021-03-07;0;104040;59.6;68443;65.8;5038;4.8;9021;8.7;21538;20.7
FR;2021-03-02-2021-03-08;0;105481;59.8;70922;67.2;4945;4.7;9530;9;20084;19
FR;2021-03-03-2021-03-09;0;107191;60.1;73030;68.1;5051;4.7;9794;9.1;19316;18
FR;2021-03-04-2021-03-10;0;110004;60.3;75986;69.1;5349;4.9;10107;9.2;18562;16.9
FR;2021-03-05-2021-03-11;0;113715;59.5;79758;70.1;5626;4.9;10538;9.3;17793;15.6
FR;2021-03-06-2021-03-12;0;117667;58.6;83770;71.2;5832;5;10860;9.2;17205;14.6
FR;2021-03-07-2021-03-13;0;119930;57.6;85867;71.6;5960;5;11091;9.2;17012;14.2
FR;2021-03-08-2021-03-14;0;120827;57.5;86637;71.7;5988;5;11234;9.3;16968;14
FR;2021-03-09-2021-03-15;0;126438;56.1;92230;72.9;6258;4.9;11525;9.1;16425;13
FR;2021-03-10-2021-03-16;0;130647;55.2;96408;73.8;6483;5;11819;9;15937;12.2
FR;2021-03-11-2021-03-17;0;134609;55.3;100263;74.5;6544;4.9;12276;9.1;15526;11.5
FR;2021-03-12-2021-03-18;0;137487;55.8;103279;75.1;6549;4.8;12555;9.1;15104;11
FR;2021-03-13-2021-03-19;0;140436;56.3;106178;75.6;6566;4.7;13058;9.3;14634;10.4
FR;2021-03-14-2021-03-20;0;141589;56.5;107451;75.9;6573;4.6;13137;9.3;14428;10.2
FR;2021-03-15-2021-03-21;0;141696;56.5;107521;75.9;6561;4.6;13229;9.3;14385;10.2
FR;2021-03-16-2021-03-22;0;144888;56.7;110724;76.4;6650;4.6;13920;9.6;13594;9.4
FR;2021-03-17-2021-03-23;0;149747;57.5;115183;76.9;6733;4.5;14556;9.7;13275;8.9
FR;2021-03-18-2021-03-24;0;153471;57.2;119196;77.7;6792;4.4;14535;9.5;12948;8.4
FR;2021-03-19-2021-03-25;0;155023;56;121046;78.1;6805;4.4;14756;9.5;12416;8
FR;2021-03-20-2021-03-26;0;159552;55.9;125737;78.8;6974;4.4;14721;9.2;12120;7.6
FR;2021-03-21-2021-03-27;0;161764;55.7;128047;79.2;7054;4.4;14751;9.1;11912;7.4
FR;2021-03-22-2021-03-28;0;161957;55.7;128389;79.3;7064;4.4;14661;9.1;11843;7.3
FR;2021-03-23-2021-03-29;0;166584;55.8;133497;80.1;7109;4.3;14405;8.6;11573;6.9
FR;2021-03-24-2021-03-30;0;167217;54.7;134743;80.6;7099;4.2;14144;8.5;11231;6.7
FR;2021-03-25-2021-03-31;0;166542;53.9;134555;80.8;7017;4.2;14152;8.5;10818;6.5
FR;2021-03-26-2021-04-01;0;167776;53.9;136152;81.2;6974;4.2;14038;8.4;10612;6.3
FR;2021-03-27-2021-04-02;0;164738;53.1;134134;81.4;6722;4.1;13867;8.4;10015;6.1
FR;2021-03-28-2021-04-03;0;163864;52.9;133467;81.4;6649;4.1;13967;8.5;9781;6
FR;2021-03-29-2021-04-04;0;163419;52.8;133081;81.4;6696;4.1;13889;8.5;9753;6
FR;2021-03-30-2021-04-05;0;130580;51.4;106213;81.3;5331;4.1;11366;8.7;7670;5.9
FR;2021-03-31-2021-04-06;0;135738;50.7;110991;81.8;5448;4;11653;8.6;7646;5.6
FR;2021-04-01-2021-04-07;0;136867;51;112318;82.1;5426;4;11754;8.6;7369;5.4
FR;2021-04-02-2021-04-08;0;136896;51.5;112525;82.2;5417;4;11603;8.5;7351;5.4
FR;2021-04-03-2021-04-09;0;136898;51.7;112696;82.3;5346;3.9;11604;8.5;7252;5.3
FR;2021-04-04-2021-04-10;0;136388;51.6;112570;82.5;5249;3.8;11504;8.4;7065;5.2
FR;2021-04-05-2021-04-11;0;136561;51.7;112727;82.5;5220;3.8;11539;8.4;7075;5.2
FR;2021-04-06-2021-04-12;0;162693;52.2;134558;82.7;6243;3.8;13651;8.4;8241;5.1
FR;2021-04-07-2021-04-13;0;152569;53.1;125927;82.5;5945;3.9;13188;8.6;7509;4.9
FR;2021-04-08-2021-04-14;0;146021;52.7;120233;82.3;5806;4;12903;8.8;7079;4.8
FR;2021-04-09-2021-04-15;0;140286;52;115532;82.4;5573;4;12752;9.1;6429;4.6
FR;2021-04-10-2021-04-16;0;137228;52.2;113090;82.4;5677;4.1;12529;9.1;5932;4.3
FR;2021-04-11-2021-04-17;0;135831;52.5;111794;82.3;5688;4.2;12554;9.2;5795;4.3
FR;2021-04-12-2021-04-18;0;135627;52.5;111657;82.3;5682;4.2;12544;9.2;5744;4.2
FR;2021-04-13-2021-04-19;0;133336;52.7;109691;82.3;5918;4.4;12330;9.2;5397;4
FR;2021-04-14-2021-04-20;0;131312;52.7;108379;82.5;6025;4.6;11761;9;5147;3.9
FR;2021-04-15-2021-04-21;0;130702;53;108006;82.6;6150;4.7;11547;8.8;4999;3.8
FR;2021-04-16-2021-04-22;0;129943;53.5;107204;82.5;6380;4.9;11473;8.8;4886;3.8
FR;2021-04-17-2021-04-23;0;126974;53.3;104640;82.4;6347;5;11253;8.9;4734;3.7
FR;2021-04-18-2021-04-24;0;125419;53.5;103316;82.4;6357;5.1;11100;8.9;4646;3.7
FR;2021-04-19-2021-04-25;0;124882;53.5;102867;82.4;6352;5.1;11059;8.9;4604;3.7
FR;2021-04-20-2021-04-26;0;120367;53.5;99113;82.3;6099;5.1;10821;9;4334;3.6
FR;2021-04-21-2021-04-27;0;116168;53.3;95201;82;5932;5.1;10952;9.4;4083;3.5
FR;2021-04-22-2021-04-28;0;111547;53.2;91120;81.7;5808;5.2;10774;9.7;3845;3.4
FR;2021-04-23-2021-04-29;0;107363;53.3;87417;81.4;5657;5.3;10635;9.9;3654;3.4
FR;2021-04-24-2021-04-30;0;103857;53.3;83979;80.9;5609;5.4;10738;10.3;3531;3.4
FR;2021-04-25-2021-05-01;0;95742;53.9;77213;80.6;5240;5.5;10056;10.5;3233;3.4
FR;2021-04-26-2021-05-02;0;95643;54;77119;80.6;5263;5.5;10048;10.5;3213;3.4
FR;2021-04-27-2021-05-03;0;93524;54.8;75094;80.3;5198;5.6;10126;10.8;3106;3.3
FR;2021-04-28-2021-05-04;0;91264;55.5;73071;80.1;5140;5.6;10008;11;3045;3.3
FR;2021-04-29-2021-05-05;0;88468;55.8;70644;79.9;5014;5.7;9908;11.2;2902;3.3
FR;2021-04-30-2021-05-06;0;83845;54.9;66774;79.6;4768;5.7;9511;11.3;2792;3.3
FR;2021-05-01-2021-05-07;0;74114;51.1;58849;79.4;4233;5.7;8563;11.6;2469;3.3
