reg;clage_vacsi;jour;n_tot_dose1;n_tot_dose2;pop;couv_tot_dose1;couv_tot_dose2
01;24;2021-03-23;35;6;27093.0;0.1;0.0
01;29;2021-03-23;129;34;16795.0;0.8;0.2
01;39;2021-03-23;405;111;37149.0;1.1;0.3
01;49;2021-03-23;660;193;48928.0;1.3;0.4
01;59;2021-03-23;1423;557;60524.0;2.4;0.9
01;64;2021-03-23;965;372;27495.0;3.5;1.4
01;69;2021-03-23;1143;440;23618.0;4.8;1.9
01;74;2021-03-23;1101;487;19823.0;5.6;2.5
01;79;2021-03-23;1071;536;13239.0;8.1;4.0
01;80;2021-03-23;1138;601;20928.0;5.4;2.9
02;24;2021-03-23;29;9;24337.0;0.1;0.0
02;29;2021-03-23;179;52;15561.0;1.2;0.3
02;39;2021-03-23;474;113;34280.0;1.4;0.3
02;49;2021-03-23;729;173;42967.0;1.7;0.4
02;59;2021-03-23;1516;520;62671.0;2.4;0.8
02;64;2021-03-23;1014;398;28516.0;3.6;1.4
02;69;2021-03-23;1200;423;24040.0;5.0;1.8
02;74;2021-03-23;1449;639;19607.0;7.4;3.3
02;79;2021-03-23;1665;852;13902.0;12.0;6.1
02;80;2021-03-23;1677;847;24265.0;6.9;3.5
03;24;2021-03-23;39;10;30954.0;0.1;0.0
03;29;2021-03-23;165;54;19945.0;0.8;0.3
03;39;2021-03-23;475;173;39602.0;1.2;0.4
03;49;2021-03-23;675;233;34757.0;1.9;0.7
03;59;2021-03-23;2779;770;27026.0;10.3;2.8
03;64;2021-03-23;1294;414;10200.0;12.7;4.1
03;69;2021-03-23;970;316;7246.0;13.4;4.4
03;74;2021-03-23;661;268;4665.0;14.2;5.7
03;79;2021-03-23;514;307;2703.0;19.0;11.4
03;80;2021-03-23;434;278;3390.0;12.8;8.2
04;24;2021-03-23;187;57;74456.0;0.3;0.1
04;29;2021-03-23;880;240;48787.0;1.8;0.5
04;39;2021-03-23;2323;706;104568.0;2.2;0.7
04;49;2021-03-23;2812;948;113615.0;2.5;0.8
04;59;2021-03-23;4435;2287;125597.0;3.5;1.8
04;64;2021-03-23;2715;1371;49376.0;5.5;2.8
04;69;2021-03-23;3122;1380;40475.0;7.7;3.4
04;74;2021-03-23;3279;1479;27194.0;12.1;5.4
04;79;2021-03-23;5164;3343;19499.0;26.5;17.1
04;80;2021-03-23;6245;4061;25277.0;24.7;16.1
06;24;2021-03-23;64;12;26827.0;0.2;0.0
06;29;2021-03-23;448;122;18625.0;2.4;0.7
06;39;2021-03-23;989;284;37697.0;2.6;0.8
06;49;2021-03-23;1464;404;28132.0;5.2;1.4
06;59;2021-03-23;2170;986;14768.0;14.7;6.7
06;64;2021-03-23;1010;516;4594.0;22.0;11.2
06;69;2021-03-23;840;465;3152.0;26.6;14.8
06;74;2021-03-23;462;216;1775.0;26.0;12.2
06;79;2021-03-23;302;148;1259.0;24.0;11.8
06;80;2021-03-23;333;151;1186.0;28.1;12.7
07;29;2021-03-23;2;0;960.0;0.2;0.0
07;39;2021-03-23;6;2;1752.0;0.3;0.1
07;49;2021-03-23;16;0;1808.0;0.9;0.0
07;59;2021-03-23;26;9;1548.0;1.7;0.6
07;64;2021-03-23;11;1;433.0;2.5;0.2
07;69;2021-03-23;13;2;309.0;4.2;0.6
07;74;2021-03-23;24;3;251.0;9.6;1.2
07;79;2021-03-23;8;0;170.0;4.7;0.0
07;80;2021-03-23;13;3;216.0;6.0;1.4
11;24;2021-03-23;10581;1108;1099492.0;1.0;0.1
11;29;2021-03-23;17176;3481;863043.0;2.0;0.4
11;39;2021-03-23;42191;10894;1757848.0;2.4;0.6
11;49;2021-03-23;57366;16584;1671811.0;3.4;1.0
11;59;2021-03-23;140182;42023;1538636.0;9.1;2.7
11;64;2021-03-23;90911;22389;631296.0;14.4;3.5
11;69;2021-03-23;84368;17136;546545.0;15.4;3.1
11;74;2021-03-23;108672;20001;480366.0;22.6;4.2
11;79;2021-03-23;174983;66966;312596.0;56.0;21.4
11;80;2021-03-23;306773;135839;546230.0;56.2;24.9
24;24;2021-03-23;1863;365;184324.0;1.0;0.2
24;29;2021-03-23;2702;742;124422.0;2.2;0.6
24;39;2021-03-23;7775;2888;292368.0;2.7;1.0
24;49;2021-03-23;11367;4718;320587.0;3.5;1.5
24;59;2021-03-23;30458;14463;340563.0;8.9;4.2
24;64;2021-03-23;18789;6008;166953.0;11.3;3.6
24;69;2021-03-23;15860;4275;163733.0;9.7;2.6
24;74;2021-03-23;20465;5459;148237.0;13.8;3.7
24;79;2021-03-23;45538;21886;91784.0;49.6;23.8
24;80;2021-03-23;94870;52008;187505.0;50.6;27.7
27;24;2021-03-23;2645;454;205819.0;1.3;0.2
27;29;2021-03-23;3367;851;136034.0;2.5;0.6
27;39;2021-03-23;9644;3057;315411.0;3.1;1.0
27;49;2021-03-23;14841;5439;341897.0;4.3;1.6
27;59;2021-03-23;36768;15186;373767.0;9.8;4.1
27;64;2021-03-23;24351;6614;186536.0;13.1;3.5
27;69;2021-03-23;22326;5221;184261.0;12.1;2.8
27;74;2021-03-23;29061;7022;169254.0;17.2;4.1
27;79;2021-03-23;59638;30032;105168.0;56.7;28.6
27;80;2021-03-23;113383;63280;203728.0;55.7;31.1
28;24;2021-03-23;3416;714;256809.0;1.3;0.3
28;29;2021-03-23;5025;1663;167203.0;3.0;1.0
28;39;2021-03-23;13688;5070;385115.0;3.6;1.3
28;49;2021-03-23;18948;7647;407095.0;4.7;1.9
28;59;2021-03-23;44869;17653;435868.0;10.3;4.1
28;64;2021-03-23;29192;7304;216759.0;13.5;3.4
28;69;2021-03-23;25694;5648;211687.0;12.1;2.7
28;74;2021-03-23;31702;6874;187028.0;17.0;3.7
28;79;2021-03-23;64089;27137;111707.0;57.4;24.3
28;80;2021-03-23;122834;60179;224975.0;54.6;26.7
32;24;2021-03-23;5692;813;516612.0;1.1;0.2
32;29;2021-03-23;8477;1902;334328.0;2.5;0.6
32;39;2021-03-23;23751;6678;752457.0;3.2;0.9
32;49;2021-03-23;33744;9977;759226.0;4.4;1.3
32;59;2021-03-23;89508;25315;763464.0;11.7;3.3
32;64;2021-03-23;61503;11036;361279.0;17.0;3.1
32;69;2021-03-23;61087;8241;340870.0;17.9;2.4
32;74;2021-03-23;75744;10146;292164.0;25.9;3.5
32;79;2021-03-23;99536;32040;159837.0;62.3;20.0
32;80;2021-03-23;165457;67595;316936.0;52.2;21.3
44;24;2021-03-23;6685;1139;449393.0;1.5;0.3
44;29;2021-03-23;8320;2187;303553.0;2.7;0.7
44;39;2021-03-23;22385;7593;675514.0;3.3;1.1
44;49;2021-03-23;32259;11478;694218.0;4.6;1.7
44;59;2021-03-23;83848;29292;754610.0;11.1;3.9
44;64;2021-03-23;57146;12978;361970.0;15.8;3.6
44;69;2021-03-23;54918;10192;341045.0;16.1;3.0
44;74;2021-03-23;64713;12155;285163.0;22.7;4.3
44;79;2021-03-23;97711;42421;180660.0;54.1;23.5
44;80;2021-03-23;183179;91751;343996.0;53.3;26.7
52;24;2021-03-23;3834;604;301552.0;1.3;0.2
52;29;2021-03-23;5422;1110;193232.0;2.8;0.6
52;39;2021-03-23;14366;4026;456089.0;3.1;0.9
52;49;2021-03-23;20839;6951;487292.0;4.3;1.4
52;59;2021-03-23;45924;19924;483216.0;9.5;4.1
52;64;2021-03-23;27357;7532;234328.0;11.7;3.2
52;69;2021-03-23;22596;5228;228813.0;9.9;2.3
52;74;2021-03-23;28014;6573;204390.0;13.7;3.2
52;79;2021-03-23;55639;24665;123318.0;45.1;20.0
52;80;2021-03-23;122735;66492;253202.0;48.5;26.3
53;24;2021-03-23;3477;586;260539.0;1.3;0.2
53;29;2021-03-23;4868;1087;159644.0;3.0;0.7
53;39;2021-03-23;13681;4084;378200.0;3.6;1.1
53;49;2021-03-23;20683;7117;424113.0;4.9;1.7
53;59;2021-03-23;48015;20366;442875.0;10.8;4.6
53;64;2021-03-23;29548;7602;221005.0;13.4;3.4
53;69;2021-03-23;25326;5064;215704.0;11.7;2.3
53;74;2021-03-23;31385;6550;195395.0;16.1;3.4
53;79;2021-03-23;59379;26420;115507.0;51.4;22.9
53;80;2021-03-23;123945;66676;237637.0;52.2;28.1
75;24;2021-03-23;4704;943;448923.0;1.0;0.2
75;29;2021-03-23;7677;2044;288262.0;2.7;0.7
75;39;2021-03-23;21808;7468;679104.0;3.2;1.1
75;49;2021-03-23;33558;12728;757513.0;4.4;1.7
75;59;2021-03-23;84860;34845;804241.0;10.6;4.3
75;64;2021-03-23;54713;14970;404276.0;13.5;3.7
75;69;2021-03-23;49979;11075;405407.0;12.3;2.7
75;74;2021-03-23;62813;14035;367546.0;17.1;3.8
75;79;2021-03-23;115674;55868;233838.0;49.5;23.9
75;80;2021-03-23;226844;124453;459094.0;49.4;27.1
76;24;2021-03-23;4342;1005;471999.0;0.9;0.2
76;29;2021-03-23;7447;2411;306711.0;2.4;0.8
76;39;2021-03-23;19757;7575;694345.0;2.8;1.1
76;49;2021-03-23;30622;13001;740353.0;4.1;1.8
76;59;2021-03-23;75525;32221;786358.0;9.6;4.1
76;64;2021-03-23;48312;14714;378662.0;12.8;3.9
76;69;2021-03-23;46473;11661;375224.0;12.4;3.1
76;74;2021-03-23;60994;14930;346007.0;17.6;4.3
76;79;2021-03-23;110461;53975;226463.0;48.8;23.8
76;80;2021-03-23;200242;111607;421210.0;47.5;26.5
84;24;2021-03-23;7144;1024;649658.0;1.1;0.2
84;29;2021-03-23;10192;2277;444164.0;2.3;0.5
84;39;2021-03-23;27448;7891;1005784.0;2.7;0.8
84;49;2021-03-23;39496;13019;1035354.0;3.8;1.3
84;59;2021-03-23;97424;35176;1044459.0;9.3;3.4
84;64;2021-03-23;62708;15555;473708.0;13.2;3.3
84;69;2021-03-23;57666;11388;452952.0;12.7;2.5
84;74;2021-03-23;74292;14583;413343.0;18.0;3.5
84;79;2021-03-23;145833;63207;274019.0;53.2;23.1
84;80;2021-03-23;260012;130054;497587.0;52.3;26.1
93;24;2021-03-23;2786;788;368997.0;0.8;0.2
93;29;2021-03-23;5117;2075;255710.0;2.0;0.8
93;39;2021-03-23;14684;6513;599102.0;2.5;1.1
93;49;2021-03-23;24516;10789;631386.0;3.9;1.7
93;59;2021-03-23;65389;24438;678493.0;9.6;3.6
93;64;2021-03-23;44704;12980;320248.0;14.0;4.1
93;69;2021-03-23;49527;10825;312538.0;15.8;3.5
93;74;2021-03-23;65067;13008;294561.0;22.1;4.4
93;79;2021-03-23;106155;45649;214958.0;49.4;21.2
93;80;2021-03-23;175206;84159;365644.0;47.9;23.0
94;24;2021-03-23;155;36;22692.0;0.7;0.2
94;29;2021-03-23;337;79;17407.0;1.9;0.5
94;39;2021-03-23;1289;310;43624.0;3.0;0.7
94;49;2021-03-23;2384;581;45205.0;5.3;1.3
94;59;2021-03-23;5724;1586;47970.0;11.9;3.3
94;64;2021-03-23;4160;989;22461.0;18.5;4.4
94;69;2021-03-23;4867;1052;22634.0;21.5;4.6
94;74;2021-03-23;6249;1478;20580.0;30.4;7.2
94;79;2021-03-23;8260;4848;16105.0;51.3;30.1
94;80;2021-03-23;13650;8618;24184.0;56.4;35.6
01;0;2021-03-23;8074;3337;376879.0;2.1;0.9
02;0;2021-03-23;9935;4028;358749.0;2.8;1.1
03;0;2021-03-23;8016;2825;290691.0;2.8;1.0
04;0;2021-03-23;31170;15878;859959.0;3.6;1.8
06;0;2021-03-23;8084;3304;279471.0;2.9;1.2
07;0;2021-03-23;119;20;9961.0;1.2;0.2
11;0;2021-03-23;1033424;336457;12278210.0;8.4;2.7
24;0;2021-03-23;249726;112819;2559073.0;9.8;4.4
27;0;2021-03-23;316072;137170;2783039.0;11.4;4.9
28;0;2021-03-23;359512;139905;3303500.0;10.9;4.2
32;0;2021-03-23;624595;173755;5962662.0;10.5;2.9
44;0;2021-03-23;611275;221205;5511747.0;11.1;4.0
52;0;2021-03-23;346783;143116;3801797.0;9.1;3.8
53;0;2021-03-23;360366;145567;3340379.0;10.8;4.4
75;0;2021-03-23;662731;278456;5999982.0;11.0;4.6
76;0;2021-03-23;604285;263145;5924858.0;10.2;4.4
84;0;2021-03-23;782341;294204;8032377.0;9.7;3.7
93;0;2021-03-23;553303;211252;5055651.0;10.9;4.2
94;0;2021-03-23;47085;19578;344679.0;13.7;5.7
