fra;jour;n_dose1;n_complet;n_cum_dose1;n_cum_complet;couv_dose1;couv_complet
FR;2020-12-27;261;4;261;4;0.0;0.0
FR;2020-12-28;282;1;543;5;0.0;0.0
FR;2020-12-29;208;0;751;5;0.0;0.0
FR;2020-12-30;252;1;1003;6;0.0;0.0
FR;2020-12-31;189;0;1192;6;0.0;0.0
FR;2021-01-01;208;3;1400;9;0.0;0.0
FR;2021-01-02;164;5;1564;14;0.0;0.0
FR;2021-01-03;195;1;1759;15;0.0;0.0
FR;2021-01-04;1655;9;3414;24;0.0;0.0
FR;2021-01-05;5609;25;9023;49;0.0;0.0
FR;2021-01-06;11507;53;20530;102;0.0;0.0
FR;2021-01-07;28953;92;49483;194;0.1;0.0
FR;2021-01-08;36625;130;86108;324;0.1;0.0
FR;2021-01-09;11037;25;97145;349;0.1;0.0
FR;2021-01-10;5733;13;102878;362;0.2;0.0
FR;2021-01-11;39504;136;142382;498;0.2;0.0
FR;2021-01-12;61521;221;203903;719;0.3;0.0
FR;2021-01-13;64467;296;268370;1015;0.4;0.0
FR;2021-01-14;81394;839;349764;1854;0.5;0.0
FR;2021-01-15;68321;431;418085;2285;0.6;0.0
FR;2021-01-16;19955;155;438040;2440;0.7;0.0
FR;2021-01-17;10678;82;448718;2522;0.7;0.0
FR;2021-01-18;85175;474;533893;2996;0.8;0.0
FR;2021-01-19;129724;585;663617;3581;1.0;0.0
FR;2021-01-20;136590;597;800207;4178;1.2;0.0
FR;2021-01-21;157149;646;957356;4824;1.4;0.0
FR;2021-01-22;120086;565;1077442;5389;1.6;0.0
FR;2021-01-23;38119;133;1115561;5522;1.7;0.0
FR;2021-01-24;9509;52;1125070;5574;1.7;0.0
FR;2021-01-25;77564;1419;1202634;6993;1.8;0.0
FR;2021-01-26;99702;3405;1302336;10398;1.9;0.0
FR;2021-01-27;106559;6008;1408895;16406;2.1;0.0
FR;2021-01-28;123539;14832;1532434;31238;2.3;0.0
FR;2021-01-29;91515;17621;1623949;48859;2.4;0.1
FR;2021-01-30;28875;4269;1652824;53128;2.5;0.1
FR;2021-01-31;5023;1682;1657847;54810;2.5;0.1
FR;2021-02-01;52091;21154;1709938;75964;2.5;0.1
FR;2021-02-02;71392;34717;1781330;110681;2.7;0.2
FR;2021-02-03;71592;37077;1852922;147758;2.8;0.2
FR;2021-02-04;81251;50250;1934173;198008;2.9;0.3
FR;2021-02-05;67624;45419;2001797;243427;3.0;0.4
FR;2021-02-06;21848;10423;2023645;253850;3.0;0.4
FR;2021-02-07;4956;5106;2028601;258956;3.0;0.4
FR;2021-02-08;46254;46115;2074855;305071;3.1;0.5
FR;2021-02-09;65382;72872;2140237;377943;3.2;0.6
FR;2021-02-10;70000;77217;2210237;455160;3.3;0.7
FR;2021-02-11;86412;100062;2296649;555222;3.4;0.8
FR;2021-02-12;78397;75212;2375046;630434;3.5;0.9
FR;2021-02-13;21906;19627;2396952;650061;3.6;1.0
FR;2021-02-14;4738;7224;2401690;657285;3.6;1.0
FR;2021-02-15;37428;76697;2439118;733982;3.6;1.1
FR;2021-02-16;49639;101075;2488757;835057;3.7;1.2
FR;2021-02-17;49755;103208;2538512;938265;3.8;1.4
FR;2021-02-18;68834;119208;2607346;1057473;3.9;1.6
FR;2021-02-19;64382;91485;2671728;1148958;4.0;1.7
FR;2021-02-20;18216;28495;2689944;1177453;4.0;1.8
FR;2021-02-21;3033;6402;2692977;1183855;4.0;1.8
FR;2021-02-22;36879;73212;2729856;1257067;4.1;1.9
FR;2021-02-23;53076;84608;2782932;1341675;4.1;2.0
FR;2021-02-24;59010;81724;2841942;1423399;4.2;2.1
FR;2021-02-25;99642;93123;2941584;1516522;4.4;2.3
FR;2021-02-26;112579;73185;3054163;1589707;4.6;2.4
FR;2021-02-27;51595;22921;3105758;1612628;4.6;2.4
FR;2021-02-28;5870;4545;3111628;1617173;4.6;2.4
FR;2021-03-01;64442;53899;3176070;1671072;4.7;2.5
FR;2021-03-02;100254;68322;3276324;1739394;4.9;2.6
FR;2021-03-03;114984;67985;3391308;1807379;5.1;2.7
FR;2021-03-04;162221;73091;3553529;1880470;5.3;2.8
FR;2021-03-05;199477;68805;3753006;1949275;5.6;2.9
FR;2021-03-06;206878;22332;3959884;1971607;5.9;2.9
FR;2021-03-07;120612;8297;4080496;1979904;6.1;3.0
FR;2021-03-08;105963;53325;4186459;2033229;6.2;3.0
FR;2021-03-09;171199;60981;4357658;2094210;6.5;3.1
FR;2021-03-10;177293;61585;4534951;2155795;6.8;3.2
FR;2021-03-11;241259;69685;4776210;2225480;7.1;3.3
FR;2021-03-12;293263;61492;5069473;2286972;7.6;3.4
FR;2021-03-13;230167;20464;5299640;2307436;7.9;3.4
FR;2021-03-14;62771;5203;5362411;2312639;8.0;3.4
FR;2021-03-15;157241;36470;5519652;2349109;8.2;3.5
FR;2021-03-16;140434;42770;5660086;2391879;8.4;3.6
FR;2021-03-17;149334;42557;5809420;2434436;8.7;3.6
FR;2021-03-18;166466;49092;5975886;2483528;8.9;3.7
FR;2021-03-19;228638;43642;6204524;2527170;9.2;3.8
FR;2021-03-20;165761;15880;6370285;2543050;9.5;3.8
FR;2021-03-21;49282;4186;6419567;2547236;9.6;3.8
FR;2021-03-22;168655;38944;6588222;2586180;9.8;3.9
FR;2021-03-23;248778;49050;6837000;2635230;10.2;3.9
FR;2021-03-24;255332;50575;7092332;2685805;10.6;4.0
FR;2021-03-25;340229;54334;7432561;2740139;11.1;4.1
FR;2021-03-26;357337;52311;7789898;2792450;11.6;4.2
FR;2021-03-27;194355;22489;7984253;2814939;11.9;4.2
FR;2021-03-28;58840;5585;8043093;2820524;12.0;4.2
FR;2021-03-29;201870;60074;8244963;2880598;12.3;4.3
FR;2021-03-30;283913;78672;8528876;2959270;12.7;4.4
FR;2021-03-31;261492;82094;8790368;3041364;13.1;4.5
FR;2021-04-01;312798;99649;9103166;3141013;13.6;4.7
FR;2021-04-02;279825;102432;9382991;3243445;14.0;4.8
FR;2021-04-03;140081;66349;9523072;3309794;14.2;4.9
FR;2021-04-04;45310;20450;9568382;3330244;14.3;5.0
FR;2021-04-05;59526;13357;9627908;3343601;14.3;5.0
FR;2021-04-06;215352;115269;9843260;3458870;14.7;5.2
FR;2021-04-07;258177;125204;10101437;3584074;15.1;5.3
FR;2021-04-08;335442;135116;10436879;3719190;15.6;5.5
FR;2021-04-09;407977;132035;10844856;3851225;16.2;5.7
FR;2021-04-10;211467;90194;11056323;3941419;16.5;5.9
FR;2021-04-11;55423;36823;11111746;3978242;16.6;5.9
FR;2021-04-12;235430;123497;11347176;4101739;16.9;6.1
FR;2021-04-13;307506;156343;11654682;4258082;17.4;6.3
FR;2021-04-14;292010;151279;11946692;4409361;17.8;6.6
FR;2021-04-15;334281;161769;12280973;4571130;18.3;6.8
FR;2021-04-16;337574;159036;12618547;4730166;18.8;7.0
FR;2021-04-17;187631;97188;12806178;4827354;19.1;7.2
FR;2021-04-18;50922;37617;12857100;4864971;19.2;7.2
FR;2021-04-19;204022;146628;13061122;5011599;19.5;7.5
FR;2021-04-20;252321;181357;13313443;5192956;19.8;7.7
FR;2021-04-21;251203;179850;13564646;5372806;20.2;8.0
FR;2021-04-22;285504;201819;13850150;5574625;20.6;8.3
FR;2021-04-23;294615;199749;14144765;5774374;21.1;8.6
FR;2021-04-24;189242;121367;14334007;5895741;21.4;8.8
FR;2021-04-25;68842;42346;14402849;5938087;21.5;8.8
FR;2021-04-26;219397;168565;14622246;6106652;21.8;9.1
FR;2021-04-27;282687;209955;14904933;6316607;22.2;9.4
FR;2021-04-28;297643;207816;15202576;6524423;22.7;9.7
FR;2021-04-29;354956;230499;15557532;6754922;23.2;10.1
FR;2021-04-30;370156;223466;15927688;6978388;23.7;10.4
FR;2021-05-01;165057;63321;16092745;7041709;24.0;10.5
FR;2021-05-02;90707;43257;16183452;7084966;24.1;10.6
FR;2021-05-03;285804;189383;16469256;7274349;24.5;10.8
FR;2021-05-04;312647;249816;16781903;7524165;25.0;11.2
FR;2021-05-05;323014;248909;17104917;7773074;25.5;11.6
FR;2021-05-06;375902;272894;17480819;8045968;26.0;12.0
FR;2021-05-07;369902;297623;17850721;8343591;26.6;12.4
FR;2021-05-08;220526;81627;18071247;8425218;26.9;12.6
FR;2021-05-09;128818;55162;18200065;8480380;27.1;12.6
FR;2021-05-10;308857;254155;18508922;8734535;27.6;13.0
FR;2021-05-11;400715;296089;18909637;9030624;28.2;13.5
FR;2021-05-12;430230;268986;19339867;9299610;28.8;13.9
FR;2021-05-13;335573;78064;19675440;9377674;29.3;14.0
FR;2021-05-14;450516;202733;20125956;9580407;30.0;14.3
FR;2021-05-15;371532;120068;20497488;9700475;30.5;14.5
FR;2021-05-16;201374;34067;20698862;9734542;30.8;14.5
FR;2021-05-17;373164;178883;21072026;9913425;31.4;14.8
FR;2021-05-18;455927;192319;21527953;10105744;32.1;15.1
FR;2021-05-19;464077;182855;21992030;10288599;32.8;15.3
FR;2021-05-20;503553;204380;22495583;10492979;33.5;15.6
FR;2021-05-21;486246;221056;22981829;10714035;34.2;16.0
FR;2021-05-22;345164;108061;23326993;10822096;34.8;16.1
FR;2021-05-23;160665;26824;23487658;10848920;35.0;16.2
FR;2021-05-24;261291;52946;23748949;10901866;35.4;16.2
FR;2021-05-25;396993;225938;24145942;11127804;36.0;16.6
FR;2021-05-26;410352;226248;24556294;11354052;36.6;16.9
FR;2021-05-27;446663;265858;25002957;11619910;37.3;17.3
FR;2021-05-28;426716;317510;25429673;11937420;37.9;17.8
FR;2021-05-29;297429;181949;25727102;12119369;38.3;18.1
FR;2021-05-30;106098;42035;25833200;12161404;38.5;18.1
FR;2021-05-31;355541;241595;26188741;12402999;39.0;18.5
FR;2021-06-01;422037;302736;26610778;12705735;39.6;18.9
FR;2021-06-02;412203;277885;27022981;12983620;40.3;19.3
FR;2021-06-03;458046;312789;27481027;13296409;40.9;19.8
FR;2021-06-04;451204;361487;27932231;13657896;41.6;20.3
FR;2021-06-05;302169;221711;28234400;13879607;42.1;20.7
FR;2021-06-06;131305;60985;28365705;13940592;42.3;20.8
FR;2021-06-07;334292;299037;28699997;14239629;42.8;21.2
FR;2021-06-08;389605;337455;29089602;14577084;43.3;21.7
FR;2021-06-09;380185;319853;29469787;14896937;43.9;22.2
FR;2021-06-10;397921;338300;29867708;15235237;44.5;22.7
FR;2021-06-11;383505;407130;30251213;15642367;45.1;23.3
FR;2021-06-12;281100;242979;30532313;15885346;45.5;23.7
FR;2021-06-13;103726;84844;30636039;15970190;45.6;23.8
FR;2021-06-14;237828;384649;30873867;16354839;46.0;24.4
FR;2021-06-15;304320;424136;31178187;16778975;46.5;25.0
FR;2021-06-16;310341;395017;31488528;17173992;46.9;25.6
FR;2021-06-17;314113;412757;31802641;17586749;47.4;26.2
FR;2021-06-18;318954;485383;32121595;18072132;47.9;26.9
FR;2021-06-19;222933;300633;32344528;18372765;48.2;27.4
FR;2021-06-20;72269;111454;32416797;18484219;48.3;27.5
FR;2021-06-21;193005;427457;32609802;18911676;48.6;28.2
FR;2021-06-22;220413;499400;32830215;19411076;48.9;28.9
FR;2021-06-23;231027;473626;33061242;19884702;49.3;29.6
FR;2021-06-24;239071;446389;33300313;20331091;49.6;30.3
FR;2021-06-25;224301;560859;33524614;20891950;50.0;31.1
FR;2021-06-26;151765;395183;33676379;21287133;50.2;31.7
FR;2021-06-27;55045;165028;33731424;21452161;50.3;32.0
FR;2021-06-28;152522;478422;33883946;21930583;50.5;32.7
FR;2021-06-29;180593;537447;34064539;22468030;50.8;33.5
FR;2021-06-30;201449;515837;34265988;22983867;51.1;34.2
FR;2021-07-01;221316;498062;34487304;23481929;51.4;35.0
FR;2021-07-02;221311;563308;34708615;24045237;51.7;35.8
FR;2021-07-03;139879;395433;34848494;24440670;51.9;36.4
FR;2021-07-04;55743;150944;34904237;24591614;52.0;36.6
FR;2021-07-05;163418;449876;35067655;25041490;52.3;37.3
FR;2021-07-06;192376;512099;35260031;25553589;52.5;38.1
FR;2021-07-07;207275;478061;35467306;26031650;52.8;38.8
FR;2021-07-08;227314;468464;35694620;26500114;53.2;39.5
FR;2021-07-09;224508;556583;35919128;27056697;53.5;40.3
FR;2021-07-10;146535;368694;36065663;27425391;53.7;40.9
FR;2021-07-11;59203;120960;36124866;27546351;53.8;41.0
FR;2021-07-12;165148;513386;36290014;28059737;54.1;41.8
FR;2021-07-13;283274;587049;36573288;28646786;54.5;42.7
FR;2021-07-14;177885;186758;36751173;28833544;54.8;43.0
FR;2021-07-15;342278;572553;37093451;29406097;55.3;43.8
FR;2021-07-16;374757;575295;37468208;29981392;55.8;44.7
FR;2021-07-17;256904;368702;37725112;30350094;56.2;45.2
FR;2021-07-18;108728;133304;37833840;30483398;56.4;45.4
FR;2021-07-19;281426;480342;38115266;30963740;56.8;46.1
FR;2021-07-20;372628;525080;38487894;31488820;57.3;46.9
FR;2021-07-21;391561;482730;38879455;31971550;57.9;47.6
FR;2021-07-22;436654;472288;39316109;32443838;58.6;48.3
FR;2021-07-23;434139;510308;39750248;32954146;59.2;49.1
FR;2021-07-24;283119;322090;40033367;33276236;59.6;49.6
FR;2021-07-25;119861;100140;40153228;33376376;59.8;49.7
FR;2021-07-26;343548;385964;40496776;33762340;60.3;50.3
FR;2021-07-27;458383;400956;40955159;34163296;61.0;50.9
FR;2021-07-28;452218;366919;41407377;34530215;61.7;51.4
FR;2021-07-29;484325;356661;41891702;34886876;62.4;52.0
FR;2021-07-30;453885;380376;42345587;35267252;63.1;52.5
FR;2021-07-31;282502;230794;42628089;35498046;63.5;52.9
FR;2021-08-01;107933;65342;42736022;35563388;63.7;53.0
FR;2021-08-02;320321;283759;43056343;35847147;64.2;53.4
FR;2021-08-03;386018;304089;43442361;36151236;64.7;53.9
FR;2021-08-04;373270;264824;43815631;36416060;65.3;54.3
FR;2021-08-05;356808;280730;44172439;36696790;65.8;54.7
FR;2021-08-06;350091;326463;44522530;37023253;66.3;55.2
FR;2021-08-07;208404;209323;44730934;37232576;66.6;55.5
FR;2021-08-08;71147;73021;44802081;37305597;66.8;55.6
FR;2021-08-09;250386;297841;45052467;37603438;67.1;56.0
FR;2021-08-10;297948;323993;45350415;37927431;67.6;56.5
FR;2021-08-11;272103;301964;45622518;38229395;68.0;57.0
FR;2021-08-12;263965;319673;45886483;38549068;68.4;57.4
FR;2021-08-13;243429;313062;46129912;38862130;68.7;57.9
FR;2021-08-14;139927;219368;46269839;39081498;68.9;58.2
FR;2021-08-15;36427;55279;46306266;39136777;69.0;58.3
FR;2021-08-16;178107;345950;46484373;39482727;69.3;58.8
FR;2021-08-17;209614;369357;46693987;39852084;69.6;59.4
FR;2021-08-18;193369;354285;46887356;40206369;69.9;59.9
FR;2021-08-19;186437;355309;47073793;40561678;70.1;60.4
FR;2021-08-20;178848;394544;47252641;40956222;70.4;61.0
FR;2021-08-21;101646;253588;47354287;41209810;70.6;61.4
FR;2021-08-22;30775;91849;47385062;41301659;70.6;61.5
FR;2021-08-23;134796;378564;47519858;41680223;70.8;62.1
